"","osm_id","name","addr:city","addr:street","amenity","description","designation","operator","short_name","townhall:type","geometry"
"701097939","701097939",NA,NA,NA,NA,NA,NA,NA,NA,NA,c(-83.9044562, 9.8686786)
"701097960","701097960",NA,NA,NA,NA,NA,NA,NA,NA,NA,c(-83.9041525, 9.8686462)
"701097965","701097965",NA,NA,NA,NA,NA,NA,NA,NA,NA,c(-83.9044341, 9.8688802)
"701097969","701097969",NA,NA,NA,NA,NA,NA,NA,NA,NA,c(-83.9041303, 9.8688478)
"972402514","972402514",NA,NA,NA,NA,NA,NA,NA,NA,NA,c(-84.0524618, 9.9333026)
"972402520","972402520",NA,NA,NA,NA,NA,NA,NA,NA,NA,c(-84.0527382, 9.9334005)
"1034288368","1034288368",NA,NA,NA,NA,NA,NA,NA,NA,NA,c(-84.0949992, 9.9316169)
"1034288370","1034288370",NA,NA,NA,NA,NA,NA,NA,NA,NA,c(-84.0944511, 9.9314148)
"1034288374","1034288374",NA,NA,NA,NA,NA,NA,NA,NA,NA,c(-84.0945245, 9.9312216)
"1034288377","1034288377",NA,NA,NA,NA,NA,NA,NA,NA,NA,c(-84.0950726, 9.9314236)
"1072107647","1072107647",NA,NA,NA,NA,NA,NA,NA,NA,NA,c(-83.7894731, 10.2027518)
"1072107649","1072107649",NA,NA,NA,NA,NA,NA,NA,NA,NA,c(-83.7889247, 10.2027725)
"1218645196","1218645196","Concejo Municipal Distrito Paquera","Paquera","Calle Central","townhall",NA,NA,"Municipalidad de Puntarenas",NA,NA,c(-84.9350172, 9.8175896)
"1239129958","1239129958",NA,NA,NA,NA,NA,NA,NA,NA,NA,c(-85.4538466, 10.1416409)
"1239130034","1239130034",NA,NA,NA,NA,NA,NA,NA,NA,NA,c(-85.4536356, 10.1417001)
"1239130254","1239130254",NA,NA,NA,NA,NA,NA,NA,NA,NA,c(-85.4537245, 10.142007)
"1239130332","1239130332",NA,NA,NA,NA,NA,NA,NA,NA,NA,c(-85.4539355, 10.1419478)
"1241403527","1241403527",NA,NA,NA,NA,NA,NA,NA,NA,NA,c(-85.4177776, 10.0587093)
"1241403532","1241403532",NA,NA,NA,NA,NA,NA,NA,NA,NA,c(-85.4180057, 10.0590168)
"1241403542","1241403542",NA,NA,NA,NA,NA,NA,NA,NA,NA,c(-85.4180987, 10.0587318)
"1241403563","1241403563",NA,NA,NA,NA,NA,NA,NA,NA,NA,c(-85.417754, 10.0590232)
"1241570364","1241570364",NA,NA,NA,NA,NA,NA,NA,NA,NA,c(-85.2515221, 9.9950201)
"1241570436","1241570436",NA,NA,NA,NA,NA,NA,NA,NA,NA,c(-85.2514981, 9.9952156)
"1241570566","1241570566",NA,NA,NA,NA,NA,NA,NA,NA,NA,c(-85.2517418, 9.9952446)
"1241570604","1241570604",NA,NA,NA,NA,NA,NA,NA,NA,NA,c(-85.2517658, 9.9950491)
"1287544132","1287544132",NA,NA,NA,NA,NA,NA,NA,NA,NA,c(-83.3357353, 9.1726798)
"1287544174","1287544174",NA,NA,NA,NA,NA,NA,NA,NA,NA,c(-83.3357413, 9.1726038)
"1287544189","1287544189",NA,NA,NA,NA,NA,NA,NA,NA,NA,c(-83.3354929, 9.1727265)
"1287544231","1287544231",NA,NA,NA,NA,NA,NA,NA,NA,NA,c(-83.3355504, 9.1725874)
"1313926847","1313926847",NA,NA,NA,NA,NA,NA,NA,NA,NA,c(-84.0473722, 9.9610469)
"1313926850","1313926850",NA,NA,NA,NA,NA,NA,NA,NA,NA,c(-84.0478617, 9.9608778)
"1313926856","1313926856",NA,NA,NA,NA,NA,NA,NA,NA,NA,c(-84.0476222, 9.9608503)
"1313926866","1313926866",NA,NA,NA,NA,NA,NA,NA,NA,NA,c(-84.0478357, 9.9610971)
"1429710674","1429710674",NA,NA,NA,NA,NA,NA,NA,NA,NA,c(-84.3144397, 9.8470435)
"1429710693","1429710693",NA,NA,NA,NA,NA,NA,NA,NA,NA,c(-84.3143595, 9.8476919)
"1429710701","1429710701",NA,NA,NA,NA,NA,NA,NA,NA,NA,c(-84.314536, 9.8476958)
"1431339456","1431339456",NA,NA,NA,NA,NA,NA,NA,NA,NA,c(-83.6838, 9.9063823)
"1431339461","1431339461",NA,NA,NA,NA,NA,NA,NA,NA,NA,c(-83.6836525, 9.9064708)
"1431339463","1431339463",NA,NA,NA,NA,NA,NA,NA,NA,NA,c(-83.683975, 9.9066654)
"1431339472","1431339472",NA,NA,NA,NA,NA,NA,NA,NA,NA,c(-83.6838276, 9.9067539)
"1437820422","1437820422",NA,NA,NA,NA,NA,NA,NA,NA,NA,c(-83.5056263, 10.0982563)
"1437820423","1437820423",NA,NA,NA,NA,NA,NA,NA,NA,NA,c(-83.5058674, 10.0983809)
"1437820424","1437820424",NA,NA,NA,NA,NA,NA,NA,NA,NA,c(-83.5055376, 10.0984228)
"1437820425","1437820425",NA,NA,NA,NA,NA,NA,NA,NA,NA,c(-83.5057787, 10.0985473)
"1437966185","1437966185",NA,NA,NA,NA,NA,NA,NA,NA,NA,c(-83.8106581, 9.9166323)
"1437966192","1437966192",NA,NA,NA,NA,NA,NA,NA,NA,NA,c(-83.8106794, 9.9164364)
"1437966193","1437966193",NA,NA,NA,NA,NA,NA,NA,NA,NA,c(-83.8108769, 9.9166531)
"1437966202","1437966202",NA,NA,NA,NA,NA,NA,NA,NA,NA,c(-83.8106602, 9.9165908)
"1440009912","1440009912",NA,NA,NA,NA,NA,NA,NA,NA,NA,c(-84.0783731, 9.962404)
"1440009913","1440009913",NA,NA,NA,NA,NA,NA,NA,NA,NA,c(-84.0785721, 9.9624086)
"1440009926","1440009926",NA,NA,NA,NA,NA,NA,NA,NA,NA,c(-84.0783679, 9.962619)
"1440009927","1440009927",NA,NA,NA,NA,NA,NA,NA,NA,NA,c(-84.0785669, 9.9626237)
"1441140275","1441140275",NA,NA,NA,NA,NA,NA,NA,NA,NA,c(-84.0216932, 9.6587047)
"1441140277","1441140277",NA,NA,NA,NA,NA,NA,NA,NA,NA,c(-84.0218687, 9.6587193)
"1441140279","1441140279",NA,NA,NA,NA,NA,NA,NA,NA,NA,c(-84.0218461, 9.6589786)
"1441140281","1441140281",NA,NA,NA,NA,NA,NA,NA,NA,NA,c(-84.0216612, 9.658959)
"1514517736","1514517736",NA,NA,NA,NA,NA,NA,NA,NA,NA,c(-83.1536338, 8.6253742)
"1519838013","1519838013",NA,NA,NA,NA,NA,NA,NA,NA,NA,c(-83.1538221, 8.6252199)
"1519838019","1519838019",NA,NA,NA,NA,NA,NA,NA,NA,NA,c(-83.1540414, 8.6254818)
"1519838037","1519838037",NA,NA,NA,NA,NA,NA,NA,NA,NA,c(-83.1538532, 8.6256359)
"1600704099","1600704099",NA,NA,NA,NA,NA,NA,NA,NA,NA,c(-83.9202407, 9.8647461)
"1600704100","1600704100",NA,NA,NA,NA,NA,NA,NA,NA,NA,c(-83.9210347, 9.8648461)
"1600704102","1600704102",NA,NA,NA,NA,NA,NA,NA,NA,NA,c(-83.9202001, 9.8650587)
"1600704103","1600704103",NA,NA,NA,NA,NA,NA,NA,NA,NA,c(-83.9209941, 9.8651587)
"1607806717","1607806717","Instituto Biblico",NA,NA,"townhall",NA,NA,NA,NA,NA,c(-84.0497634, 9.9673264)
"1705467429","1705467429",NA,NA,NA,NA,NA,NA,NA,NA,NA,c(-85.4390352, 10.6306029)
"1705467430","1705467430",NA,NA,NA,NA,NA,NA,NA,NA,NA,c(-85.4388585, 10.6302226)
"1833730080","1833730080",NA,NA,NA,NA,NA,NA,NA,NA,NA,c(-84.0564352, 9.9452569)
"1834345300","1834345300",NA,NA,NA,NA,NA,NA,NA,NA,NA,c(-84.0357542, 9.915606)
"1834345303","1834345303",NA,NA,NA,NA,NA,NA,NA,NA,NA,c(-84.035497, 9.9158103)
"1834345338","1834345338",NA,NA,NA,NA,NA,NA,NA,NA,NA,c(-84.0357436, 9.915822)
"1834345352","1834345352",NA,NA,NA,NA,NA,NA,NA,NA,NA,c(-84.0355076, 9.9155943)
"1834517383","1834517383",NA,NA,NA,NA,NA,NA,NA,NA,NA,c(-83.8658067, 9.8392312)
"1834517385","1834517385",NA,NA,NA,NA,NA,NA,NA,NA,NA,c(-83.8659467, 9.839245)
"1834517419","1834517419",NA,NA,NA,NA,NA,NA,NA,NA,NA,c(-83.8656083, 9.8394441)
"1834517421","1834517421",NA,NA,NA,NA,NA,NA,NA,NA,NA,c(-83.8659237, 9.8394713)
"1838812558","1838812558",NA,NA,NA,NA,NA,NA,NA,NA,NA,c(-84.4308965, 10.3226916)
"1838812559","1838812559",NA,NA,NA,NA,NA,NA,NA,NA,NA,c(-84.4308918, 10.3223589)
"1838812560","1838812560",NA,NA,NA,NA,NA,NA,NA,NA,NA,c(-84.4306331, 10.3223625)
"1838812562","1838812562",NA,NA,NA,NA,NA,NA,NA,NA,NA,c(-84.4306379, 10.3226952)
"1951553460","1951553460","Community Hall",NA,NA,"townhall",NA,"Community Hall",NA,NA,NA,c(-85.7615606, 11.1130501)
"2000458625","2000458625",NA,NA,NA,NA,NA,NA,NA,NA,NA,c(-84.1001906, 9.9035125)
"2000458626","2000458626",NA,NA,NA,NA,NA,NA,NA,NA,NA,c(-84.1001427, 9.9032833)
"2000458627","2000458627",NA,NA,NA,NA,NA,NA,NA,NA,NA,c(-84.1004518, 9.9034595)
"2000458628","2000458628",NA,NA,NA,NA,NA,NA,NA,NA,NA,c(-84.1004038, 9.9032303)
"2056876214","2056876214",NA,NA,NA,NA,NA,NA,NA,NA,NA,c(-85.5518463, 10.4466777)
"2056876216","2056876216",NA,NA,NA,NA,NA,NA,NA,NA,NA,c(-85.5514975, 10.4467585)
"2056876218","2056876218",NA,NA,NA,NA,NA,NA,NA,NA,NA,c(-85.5515733, 10.4470751)
"2056876220","2056876220",NA,NA,NA,NA,NA,NA,NA,NA,NA,c(-85.5519221, 10.4469943)
"2076995104","2076995104",NA,NA,NA,NA,NA,NA,NA,NA,NA,c(-83.6762588, 9.9650907)
"2076995110","2076995110",NA,NA,NA,NA,NA,NA,NA,NA,NA,c(-83.676087, 9.9650978)
"2076995113","2076995113",NA,NA,NA,NA,NA,NA,NA,NA,NA,c(-83.6760932, 9.9652428)
"2076995124","2076995124",NA,NA,NA,NA,NA,NA,NA,NA,NA,c(-83.676265, 9.9652357)
"2248545224","2248545224",NA,NA,NA,NA,NA,NA,NA,NA,NA,c(-85.5712756, 10.268774)
"2248545225","2248545225",NA,NA,NA,NA,NA,NA,NA,NA,NA,c(-85.5708906, 10.2688929)
"2248545227","2248545227",NA,NA,NA,NA,NA,NA,NA,NA,NA,c(-85.5710922, 10.2690318)
"2248545231","2248545231",NA,NA,NA,NA,NA,NA,NA,NA,NA,c(-85.5710739, 10.2686351)
"2297161444","2297161444",NA,NA,NA,"townhall",NA,NA,NA,NA,NA,c(-82.8600059, 8.2739549)
"2314804577","2314804577",NA,NA,NA,NA,NA,NA,NA,NA,NA,c(-83.7354253, 10.9487111)
"2314804581","2314804581",NA,NA,NA,NA,NA,NA,NA,NA,NA,c(-83.73557, 10.9488412)
"2314804583","2314804583",NA,NA,NA,NA,NA,NA,NA,NA,NA,c(-83.7352942, 10.9488516)
"2314804585","2314804585",NA,NA,NA,NA,NA,NA,NA,NA,NA,c(-83.7354389, 10.9489818)
"2405672987","2405672987",NA,NA,NA,NA,NA,NA,NA,NA,NA,c(-84.8364947, 9.9763345)
"2405672989","2405672989",NA,NA,NA,NA,NA,NA,NA,NA,NA,c(-84.8362421, 9.9763408)
"2405672990","2405672990",NA,NA,NA,NA,NA,NA,NA,NA,NA,c(-84.8362575, 9.9768744)
"2405672991","2405672991",NA,NA,NA,NA,NA,NA,NA,NA,NA,c(-84.8365015, 9.9768601)
"2406372867","2406372867","topcanto.com",NA,NA,"townhall",NA,NA,NA,NA,NA,c(-84.127604, 9.9491827)
"2526134722","2526134722","Salón Comunal",NA,NA,"townhall",NA,NA,NA,NA,NA,c(-85.0640836, 10.7439652)
"2637406595","2637406595",NA,NA,NA,NA,NA,NA,NA,NA,NA,c(-84.162693, 9.4312297)
"2637407669","2637407669",NA,NA,NA,NA,NA,NA,NA,NA,NA,c(-84.1626879, 9.4313796)
"2637407670","2637407670",NA,NA,NA,NA,NA,NA,NA,NA,NA,c(-84.1624788, 9.4313725)
"2637407671","2637407671",NA,NA,NA,NA,NA,NA,NA,NA,NA,c(-84.1624841, 9.4312226)
"2637848391","2637848391",NA,NA,NA,NA,NA,NA,NA,NA,NA,c(-83.7462715, 9.8933137)
"2698589011","2698589011",NA,NA,NA,NA,NA,NA,NA,NA,NA,c(-82.9421654, 8.6492326)
"2698589012","2698589012",NA,NA,NA,NA,NA,NA,NA,NA,NA,c(-82.9420931, 8.6489455)
"2698589013","2698589013",NA,NA,NA,NA,NA,NA,NA,NA,NA,c(-82.9414154, 8.6489293)
"2698589014","2698589014",NA,NA,NA,NA,NA,NA,NA,NA,NA,c(-82.9414027, 8.6492033)
"2698747477","2698747477",NA,NA,NA,NA,NA,NA,NA,NA,NA,c(-83.5324663, 8.9792049)
"2698747479","2698747479",NA,NA,NA,NA,NA,NA,NA,NA,NA,c(-83.5320023, 8.9789611)
"2698747481","2698747481",NA,NA,NA,NA,NA,NA,NA,NA,NA,c(-83.5324186, 8.9790222)
"2698747482","2698747482",NA,NA,NA,NA,NA,NA,NA,NA,NA,c(-83.5325311, 8.979087)
"2723568471","2723568471",NA,NA,NA,NA,NA,NA,NA,NA,NA,c(-84.5229257, 9.9359091)
"2723568472","2723568472",NA,NA,NA,NA,NA,NA,NA,NA,NA,c(-84.5228347, 9.9355991)
"2723568473","2723568473",NA,NA,NA,NA,NA,NA,NA,NA,NA,c(-84.5226096, 9.9356632)
"2723568474","2723568474",NA,NA,NA,NA,NA,NA,NA,NA,NA,c(-84.5227007, 9.9359732)
"2723640452","2723640452",NA,NA,NA,NA,NA,NA,NA,NA,NA,c(-84.6679402, 9.9915759)
"2723640453","2723640453",NA,NA,NA,NA,NA,NA,NA,NA,NA,c(-84.6677147, 9.9914877)
"2723640454","2723640454",NA,NA,NA,NA,NA,NA,NA,NA,NA,c(-84.6675985, 9.9917759)
"2723640455","2723640455",NA,NA,NA,NA,NA,NA,NA,NA,NA,c(-84.667824, 9.9918641)
"2748917792","2748917792",NA,NA,NA,NA,NA,NA,NA,NA,NA,c(-84.1000042, 10.0139579)
"2748917793","2748917793",NA,NA,NA,NA,NA,NA,NA,NA,NA,c(-84.100061, 10.0139632)
"2748917795","2748917795",NA,NA,NA,NA,NA,NA,NA,NA,NA,c(-84.1001802, 10.0138576)
"2748917833","2748917833",NA,NA,NA,NA,NA,NA,NA,NA,NA,c(-84.0999731, 10.0142858)
"2748917836","2748917836",NA,NA,NA,NA,NA,NA,NA,NA,NA,c(-84.1001382, 10.014301)
"2754955023","2754955023",NA,NA,NA,NA,NA,NA,NA,NA,NA,c(-84.7292211, 10.092033)
"2754955024","2754955024",NA,NA,NA,NA,NA,NA,NA,NA,NA,c(-84.7292662, 10.0917828)
"2754955025","2754955025",NA,NA,NA,NA,NA,NA,NA,NA,NA,c(-84.7290468, 10.0917208)
"2754955026","2754955026",NA,NA,NA,NA,NA,NA,NA,NA,NA,c(-84.728977, 10.0919797)
"2755192168","2755192168",NA,NA,NA,NA,NA,NA,NA,NA,NA,c(-84.0417839, 9.6839686)
"2755192170","2755192170",NA,NA,NA,NA,NA,NA,NA,NA,NA,c(-84.0421313, 9.6836674)
"2755192171","2755192171",NA,NA,NA,NA,NA,NA,NA,NA,NA,c(-84.0418539, 9.6833626)
"2755192172","2755192172",NA,NA,NA,NA,NA,NA,NA,NA,NA,c(-84.041493, 9.6837108)
"2894102319","2894102319",NA,NA,NA,NA,NA,NA,NA,NA,NA,c(-83.2898502, 10.0766023)
"2894102320","2894102320",NA,NA,NA,NA,NA,NA,NA,NA,NA,c(-83.2895155, 10.0764928)
"2894102321","2894102321",NA,NA,NA,NA,NA,NA,NA,NA,NA,c(-83.289302, 10.0768789)
"2894102322","2894102322",NA,NA,NA,NA,NA,NA,NA,NA,NA,c(-83.289602, 10.077053)
"2918079223","2918079223",NA,NA,NA,NA,NA,NA,NA,NA,NA,c(-84.5240089, 9.9113256)
"2918079224","2918079224",NA,NA,NA,NA,NA,NA,NA,NA,NA,c(-84.524076, 9.9109835)
"2918079225","2918079225",NA,NA,NA,NA,NA,NA,NA,NA,NA,c(-84.5238888, 9.9109478)
"2918079226","2918079226",NA,NA,NA,NA,NA,NA,NA,NA,NA,c(-84.5238217, 9.91129)
"3119747581","3119747581",NA,NA,NA,NA,NA,NA,NA,NA,NA,c(-84.7174759, 11.0306079)
"3119747582","3119747582",NA,NA,NA,NA,NA,NA,NA,NA,NA,c(-84.7171947, 11.0307774)
"3119747583","3119747583",NA,NA,NA,NA,NA,NA,NA,NA,NA,c(-84.7170322, 11.0305178)
"3119747584","3119747584",NA,NA,NA,NA,NA,NA,NA,NA,NA,c(-84.7173134, 11.0303482)
"3303417437","3303417437",NA,NA,NA,NA,NA,NA,NA,NA,NA,c(-84.6228592, 9.609445)
"3303417438","3303417438",NA,NA,NA,NA,NA,NA,NA,NA,NA,c(-84.6225541, 9.60954)
"3303417441","3303417441",NA,NA,NA,NA,NA,NA,NA,NA,NA,c(-84.6228812, 9.6094982)
"3303417458","3303417458",NA,NA,NA,NA,NA,NA,NA,NA,NA,c(-84.6227827, 9.6095297)
"3312315276","3312315276",NA,NA,NA,NA,NA,NA,NA,NA,NA,c(-84.0072861, 9.9765309)
"3312315277","3312315277",NA,NA,NA,NA,NA,NA,NA,NA,NA,c(-84.0076337, 9.9765669)
"3312315278","3312315278",NA,NA,NA,NA,NA,NA,NA,NA,NA,c(-84.0075218, 9.9768299)
"3312315279","3312315279",NA,NA,NA,NA,NA,NA,NA,NA,NA,c(-84.0072755, 9.9767315)
"3319870752","3319870752",NA,NA,NA,NA,NA,NA,NA,NA,NA,c(-84.2102122, 10.0174414)
"3319870753","3319870753",NA,NA,NA,NA,NA,NA,NA,NA,NA,c(-84.2103784, 10.0173965)
"3319870754","3319870754",NA,NA,NA,NA,NA,NA,NA,NA,NA,c(-84.2103051, 10.0171379)
"3319870755","3319870755",NA,NA,NA,NA,NA,NA,NA,NA,NA,c(-84.210143, 10.0172181)
"3348728296","3348728296",NA,NA,NA,NA,NA,NA,NA,NA,NA,c(-84.1597955, 10.0373215)
"3348728297","3348728297",NA,NA,NA,NA,NA,NA,NA,NA,NA,c(-84.1596134, 10.0373852)
"3348728298","3348728298",NA,NA,NA,NA,NA,NA,NA,NA,NA,c(-84.1597424, 10.0375401)
"3348728299","3348728299",NA,NA,NA,NA,NA,NA,NA,NA,NA,c(-84.1598626, 10.0374984)
"3493829580","3493829580",NA,NA,NA,NA,NA,NA,NA,NA,NA,c(-84.0142593, 10.4502552)
"3493829581","3493829581",NA,NA,NA,NA,NA,NA,NA,NA,NA,c(-84.0143193, 10.4497812)
"3493829582","3493829582",NA,NA,NA,NA,NA,NA,NA,NA,NA,c(-84.0130293, 10.4496572)
"3493829583","3493829583",NA,NA,NA,NA,NA,NA,NA,NA,NA,c(-84.012554, 10.4498546)
"3493829584","3493829584",NA,NA,NA,NA,NA,NA,NA,NA,NA,c(-84.0127828, 10.4503414)
"3493829585","3493829585",NA,NA,NA,NA,NA,NA,NA,NA,NA,c(-84.0130798, 10.4502253)
"3493829586","3493829586",NA,NA,NA,NA,NA,NA,NA,NA,NA,c(-84.0134239, 10.4501729)
"3632161909","3632161909",NA,NA,NA,NA,NA,NA,NA,NA,NA,c(-84.1521667, 10.0030631)
"3632161910","3632161910",NA,NA,NA,NA,NA,NA,NA,NA,NA,c(-84.1522167, 10.0027232)
"3632161911","3632161911",NA,NA,NA,NA,NA,NA,NA,NA,NA,c(-84.1520324, 10.0026962)
"3632161912","3632161912",NA,NA,NA,NA,NA,NA,NA,NA,NA,c(-84.1519762, 10.0030317)
"3662550616","3662550616","Concejo Municipal Distrito Colorado","Colorado",NA,"townhall",NA,NA,"Municipalidad de Abangares",NA,NA,c(-85.108749, 10.1842326)
"3685919018","3685919018",NA,NA,NA,NA,NA,NA,NA,NA,NA,c(-84.0501715, 9.9119741)
"3685919019","3685919019",NA,NA,NA,NA,NA,NA,NA,NA,NA,c(-84.0496735, 9.9119224)
"3685919020","3685919020",NA,NA,NA,NA,NA,NA,NA,NA,NA,c(-84.0495415, 9.9119185)
"3685919021","3685919021",NA,NA,NA,NA,NA,NA,NA,NA,NA,c(-84.0495355, 9.9115679)
"3685919022","3685919022",NA,NA,NA,NA,NA,NA,NA,NA,NA,c(-84.0489997, 9.9114774)
"3685919023","3685919023",NA,NA,NA,NA,NA,NA,NA,NA,NA,c(-84.049715, 9.9110363)
"3685919024","3685919024",NA,NA,NA,NA,NA,NA,NA,NA,NA,c(-84.0501326, 9.9118068)
"3692657716","3692657716",NA,NA,NA,NA,NA,NA,NA,NA,NA,c(-84.3805711, 9.9795517)
"3692657717","3692657717",NA,NA,NA,NA,NA,NA,NA,NA,NA,c(-84.3803101, 9.9795508)
"3692657719","3692657719",NA,NA,NA,NA,NA,NA,NA,NA,NA,c(-84.380572, 9.9792871)
"3713186018","3713186018",NA,NA,NA,NA,NA,NA,NA,NA,NA,c(-84.1855169, 9.9792448)
"3713186021","3713186021",NA,NA,NA,NA,NA,NA,NA,NA,NA,c(-84.1851534, 9.9790995)
"3713186022","3713186022",NA,NA,NA,NA,NA,NA,NA,NA,NA,c(-84.1854979, 9.9791498)
"3713186024","3713186024",NA,NA,NA,NA,NA,NA,NA,NA,NA,c(-84.1852922, 9.9790711)
"3713186225","3713186225",NA,NA,NA,NA,NA,NA,NA,NA,NA,c(-84.1853198, 9.9791876)
"3720330823","3720330823",NA,NA,NA,NA,NA,NA,NA,NA,NA,c(-83.6818601, 10.2091173)
"3720330824","3720330824",NA,NA,NA,NA,NA,NA,NA,NA,NA,c(-83.6815074, 10.2090791)
"3720332025","3720332025",NA,NA,NA,NA,NA,NA,NA,NA,NA,c(-83.681553, 10.2087332)
"3720332026","3720332026",NA,NA,NA,NA,NA,NA,NA,NA,NA,c(-83.6819017, 10.2087623)
"3728643536","3728643536",NA,NA,NA,NA,NA,NA,NA,NA,NA,c(-82.941846, 8.6489598)
"3728643537","3728643537",NA,NA,NA,NA,NA,NA,NA,NA,NA,c(-82.9419355, 8.6489529)
"3819630361","3819630361",NA,NA,NA,NA,NA,NA,NA,NA,NA,c(-84.0526893, 9.9333831)
"3819630363","3819630363",NA,NA,NA,NA,NA,NA,NA,NA,NA,c(-84.0525504, 9.93306)
"3819630365","3819630365",NA,NA,NA,NA,NA,NA,NA,NA,NA,c(-84.0528267, 9.9331578)
"3832043658","3832043658",NA,NA,NA,NA,NA,NA,NA,NA,NA,c(-84.1813323, 9.9333693)
"3832043659","3832043659",NA,NA,NA,NA,NA,NA,NA,NA,NA,c(-84.181002, 9.9334352)
"3832043660","3832043660",NA,NA,NA,NA,NA,NA,NA,NA,NA,c(-84.181037, 9.9329849)
"3839500935","3839500935",NA,NA,NA,NA,NA,NA,NA,NA,NA,c(-84.0648039, 9.898659)
"3839500937","3839500937",NA,NA,NA,NA,NA,NA,NA,NA,NA,c(-84.0650612, 9.8984971)
"3839500938","3839500938",NA,NA,NA,NA,NA,NA,NA,NA,NA,c(-84.0649195, 9.8987279)
"3839523443","3839523443",NA,NA,NA,NA,NA,NA,NA,NA,NA,c(-84.0655509, 9.8987799)
"3839523445","3839523445",NA,NA,NA,NA,NA,NA,NA,NA,NA,c(-84.065322, 9.8991696)
"3839523446","3839523446",NA,NA,NA,NA,NA,NA,NA,NA,NA,c(-84.0648396, 9.8988947)
"3841405200","3841405200",NA,NA,NA,NA,NA,NA,NA,NA,NA,c(-85.4385905, 10.6304302)
"3841501393","3841501393",NA,NA,NA,NA,NA,NA,NA,NA,NA,c(-85.4387417, 10.6307375)
"3850658765","3850658765",NA,NA,NA,NA,NA,NA,NA,NA,NA,c(-85.6344269, 11.0739979)
"3850658766","3850658766",NA,NA,NA,NA,NA,NA,NA,NA,NA,c(-85.6344014, 11.074121)
"3850658767","3850658767",NA,NA,NA,NA,NA,NA,NA,NA,NA,c(-85.6344169, 11.0741276)
"3850658768","3850658768",NA,NA,NA,NA,NA,NA,NA,NA,NA,c(-85.6343936, 11.0742104)
"3850658769","3850658769",NA,NA,NA,NA,NA,NA,NA,NA,NA,c(-85.6345446, 11.0742409)
"3850658770","3850658770",NA,NA,NA,NA,NA,NA,NA,NA,NA,c(-85.6345746, 11.0741112)
"3850658771","3850658771",NA,NA,NA,NA,NA,NA,NA,NA,NA,c(-85.634488, 11.0740927)
"3850658772","3850658772",NA,NA,NA,NA,NA,NA,NA,NA,NA,c(-85.634508, 11.0740131)
"3850658773","3850658773",NA,NA,NA,NA,NA,NA,NA,NA,NA,c(-85.6344352, 11.0742188)
"3850658835","3850658835","Municipalidad de La Cruz","La Cruz",NA,"townhall",NA,NA,NA,NA,NA,c(-85.6344759, 11.0741223)
"3859787039","3859787039",NA,NA,NA,NA,NA,NA,NA,NA,NA,c(-83.9386754, 9.8454635)
"3859787044","3859787044",NA,NA,NA,NA,NA,NA,NA,NA,NA,c(-83.9387662, 9.8450571)
"3859787047","3859787047",NA,NA,NA,NA,NA,NA,NA,NA,NA,c(-83.9388413, 9.8456218)
"3859787048","3859787048",NA,NA,NA,NA,NA,NA,NA,NA,NA,c(-83.9388653, 9.8455871)
"3859787049","3859787049",NA,NA,NA,NA,NA,NA,NA,NA,NA,c(-83.9389961, 9.8451496)
"3882127358","3882127358",NA,NA,NA,NA,NA,NA,NA,NA,NA,c(-84.2136526, 10.3462373)
"3882127359","3882127359",NA,NA,NA,NA,NA,NA,NA,NA,NA,c(-84.2135983, 10.3463095)
"3882127360","3882127360",NA,NA,NA,NA,NA,NA,NA,NA,NA,c(-84.2134377, 10.3461925)
"3882127361","3882127361",NA,NA,NA,NA,NA,NA,NA,NA,NA,c(-84.213492, 10.3461204)
"3929487024","3929487024",NA,NA,NA,NA,NA,NA,NA,NA,NA,c(-84.1812538, 9.9330013)
"3929487025","3929487025",NA,NA,NA,NA,NA,NA,NA,NA,NA,c(-84.1812361, 9.9332286)
"3929487026","3929487026",NA,NA,NA,NA,NA,NA,NA,NA,NA,c(-84.1813427, 9.9332367)
"3931070045","3931070045",NA,NA,NA,NA,NA,NA,NA,NA,NA,c(-84.823935, 10.3179034)
"3931070046","3931070046",NA,NA,NA,NA,NA,NA,NA,NA,NA,c(-84.8238125, 10.317774)
"3931070047","3931070047",NA,NA,NA,NA,NA,NA,NA,NA,NA,c(-84.8237083, 10.3178694)
"3931070048","3931070048",NA,NA,NA,NA,NA,NA,NA,NA,NA,c(-84.8238308, 10.3179988)
"3931438344","3931438344",NA,NA,NA,NA,NA,NA,NA,NA,NA,c(-84.9585187, 10.2805507)
"3931438345","3931438345",NA,NA,NA,NA,NA,NA,NA,NA,NA,c(-84.9583595, 10.2804528)
"3931438346","3931438346",NA,NA,NA,NA,NA,NA,NA,NA,NA,c(-84.9583058, 10.2805372)
"3931438347","3931438347",NA,NA,NA,NA,NA,NA,NA,NA,NA,c(-84.958465, 10.2806352)
"3934385512","3934385512",NA,NA,NA,NA,NA,NA,NA,NA,NA,c(-85.2552904, 10.526298)
"3934385513","3934385513",NA,NA,NA,NA,NA,NA,NA,NA,NA,c(-85.2552692, 10.5264001)
"3940264082","3940264082",NA,NA,NA,NA,NA,NA,NA,NA,NA,c(-84.007448, 9.976752)
"3940264083","3940264083",NA,NA,NA,NA,NA,NA,NA,NA,NA,c(-84.0076049, 9.9767467)
"3940264086","3940264086",NA,NA,NA,NA,NA,NA,NA,NA,NA,c(-84.0074373, 9.9767494)
"3949122350","3949122350",NA,NA,NA,NA,NA,NA,NA,NA,NA,c(-83.7025693, 9.3731863)
"3949122355","3949122355",NA,NA,NA,NA,NA,NA,NA,NA,NA,c(-83.7026231, 9.3730803)
"3954259729","3954259729",NA,NA,NA,NA,NA,NA,NA,NA,NA,c(-83.7465331, 9.8933114)
"3954259730","3954259730",NA,NA,NA,NA,NA,NA,NA,NA,NA,c(-83.7462703, 9.8931845)
"3954259732","3954259732",NA,NA,NA,NA,NA,NA,NA,NA,NA,c(-83.746532, 9.8931822)
"3958138990","3958138990",NA,NA,NA,NA,NA,NA,NA,NA,NA,c(-84.1165105, 9.9990855)
"3958138991","3958138991",NA,NA,NA,NA,NA,NA,NA,NA,NA,c(-84.1165232, 9.9988422)
"3976583320","3976583320",NA,NA,NA,NA,NA,NA,NA,NA,NA,c(-84.1248416, 10.0207657)
"3976583321","3976583321",NA,NA,NA,NA,NA,NA,NA,NA,NA,c(-84.1245765, 10.0207997)
"3976583322","3976583322",NA,NA,NA,NA,NA,NA,NA,NA,NA,c(-84.1245654, 10.0204364)
"3976583323","3976583323",NA,NA,NA,NA,NA,NA,NA,NA,NA,c(-84.1246598, 10.020418)
"3976850416","3976850416",NA,NA,NA,NA,NA,NA,NA,NA,NA,c(-84.1247232, 10.0204128)
"3976850418","3976850418",NA,NA,NA,NA,NA,NA,NA,NA,NA,c(-84.124805, 10.0203991)
"3976850422","3976850422",NA,NA,NA,NA,NA,NA,NA,NA,NA,c(-84.1248832, 10.020387)
"3976850423","3976850423",NA,NA,NA,NA,NA,NA,NA,NA,NA,c(-84.1249604, 10.020375)
"3976850424","3976850424",NA,NA,NA,NA,NA,NA,NA,NA,NA,c(-84.1249337, 10.0202291)
"4083134187","4083134187",NA,NA,NA,NA,NA,NA,NA,NA,NA,c(-84.1614832, 9.7990023)
"4083134290","4083134290",NA,NA,NA,NA,NA,NA,NA,NA,NA,c(-84.1613902, 9.798994)
"4083134291","4083134291",NA,NA,NA,NA,NA,NA,NA,NA,NA,c(-84.1613742, 9.799168)
"4083134292","4083134292",NA,NA,NA,NA,NA,NA,NA,NA,NA,c(-84.1614673, 9.7991763)
"4103975979","4103975979",NA,NA,NA,NA,NA,NA,NA,NA,NA,c(-85.091905, 10.4270205)
"4103975980","4103975980",NA,NA,NA,NA,NA,NA,NA,NA,NA,c(-85.0917731, 10.426719)
"4103975981","4103975981",NA,NA,NA,NA,NA,NA,NA,NA,NA,c(-85.0916549, 10.4269204)
"4103975982","4103975982",NA,NA,NA,NA,NA,NA,NA,NA,NA,c(-85.0917444, 10.4270172)
"4131662337","4131662337","Concejo Municipal Distrito Lepanto","Lepanto","Vía 21","townhall",NA,NA,"Municipalidad de Puntarenas",NA,"town",c(-85.1139566, 9.9608522)
"4131679865","4131679865","Concejo Municipal Distrito Cóbano","Cóbano",NA,"townhall",NA,NA,"Municipalidad de Puntarenas",NA,NA,c(-85.1067104, 9.6880949)
"4192893040","4192893040",NA,NA,NA,NA,NA,NA,NA,NA,NA,c(-83.7028132, 9.3732829)
"4192893041","4192893041",NA,NA,NA,NA,NA,NA,NA,NA,NA,c(-83.7029621, 9.3729299)
"4192893042","4192893042",NA,NA,NA,NA,NA,NA,NA,NA,NA,c(-83.7027287, 9.3728337)
"4261107653","4261107653",NA,NA,NA,NA,NA,NA,NA,NA,NA,c(-83.9853965, 9.9081939)
"4261107654","4261107654",NA,NA,NA,NA,NA,NA,NA,NA,NA,c(-83.9853397, 9.9084738)
"4261107655","4261107655",NA,NA,NA,NA,NA,NA,NA,NA,NA,c(-83.9850545, 9.9084176)
"4261107656","4261107656",NA,NA,NA,NA,NA,NA,NA,NA,NA,c(-83.9851114, 9.9081377)
"4276599287","4276599287",NA,NA,NA,NA,NA,NA,NA,NA,NA,c(-84.380386, 9.9792864)
"4276599288","4276599288",NA,NA,NA,NA,NA,NA,NA,NA,NA,c(-84.380311, 9.9792862)
"4311841290","4311841290",NA,NA,NA,NA,NA,NA,NA,NA,NA,c(-85.4385454, 10.6303441)
"4323732507","4323732507",NA,NA,NA,NA,NA,NA,NA,NA,NA,c(-85.2554974, 10.5263394)
"4323732508","4323732508",NA,NA,NA,NA,NA,NA,NA,NA,NA,c(-85.2554763, 10.5264416)
"4323732509","4323732509",NA,NA,NA,NA,NA,NA,NA,NA,NA,c(-85.2554359, 10.5263271)
"4407851625","4407851625",NA,NA,NA,NA,NA,NA,NA,NA,NA,c(-83.9804006, 9.9077319)
"4410932444","4410932444","Concejo Municipal Distrito Tucurrique","Tucurrique",NA,"townhall",NA,NA,"Municipalidad de Jiménez",NA,"municipality",c(-83.7242247, 9.8541027)
"4476148242","4476148242",NA,NA,NA,NA,NA,NA,NA,NA,NA,c(-84.821294, 10.6702968)
"4476148243","4476148243",NA,NA,NA,NA,NA,NA,NA,NA,NA,c(-84.821629, 10.6703033)
"4476148244","4476148244",NA,NA,NA,NA,NA,NA,NA,NA,NA,c(-84.8216329, 10.6701076)
"4476148245","4476148245",NA,NA,NA,NA,NA,NA,NA,NA,NA,c(-84.8215312, 10.6701056)
"4476148246","4476148246",NA,NA,NA,NA,NA,NA,NA,NA,NA,c(-84.8215021, 10.6700766)
"4476148247","4476148247",NA,NA,NA,NA,NA,NA,NA,NA,NA,c(-84.821301, 10.6699442)
"4478348544","4478348544",NA,NA,NA,NA,NA,NA,NA,NA,NA,c(-84.0934772, 9.8627884)
"4478348545","4478348545",NA,NA,NA,NA,NA,NA,NA,NA,NA,c(-84.0933471, 9.8625712)
"4478348546","4478348546",NA,NA,NA,NA,NA,NA,NA,NA,NA,c(-84.0930788, 9.8627272)
"4478348547","4478348547",NA,NA,NA,NA,NA,NA,NA,NA,NA,c(-84.0932089, 9.8629444)
"4684656926","4684656926",NA,NA,NA,NA,NA,NA,NA,NA,NA,c(-84.4411289, 9.9084738)
"4684656932","4684656932",NA,NA,NA,NA,NA,NA,NA,NA,NA,c(-84.4411652, 9.9082854)
"4684656933","4684656933",NA,NA,NA,NA,NA,NA,NA,NA,NA,c(-84.4410551, 9.9082477)
"4684656934","4684656934",NA,NA,NA,NA,NA,NA,NA,NA,NA,c(-84.4410044, 9.9084309)
"4703664534","4703664534",NA,NA,NA,NA,NA,NA,NA,NA,NA,c(-84.0911013, 9.9804052)
"4703664536","4703664536",NA,NA,NA,NA,NA,NA,NA,NA,NA,c(-84.0910717, 9.9807272)
"4703664537","4703664537",NA,NA,NA,NA,NA,NA,NA,NA,NA,c(-84.0913662, 9.9807534)
"4703664538","4703664538",NA,NA,NA,NA,NA,NA,NA,NA,NA,c(-84.0913957, 9.9804314)
"4753274991","4753274991","BD- Camp",NA,NA,"townhall",NA,NA,NA,NA,NA,c(-82.5990845, 8.8009886)
"4753482619","4753482619","Lugansk",NA,NA,"townhall",NA,NA,NA,NA,NA,c(-82.598438, 8.7967098)
"4753482620","4753482620","Radar - S",NA,NA,"townhall",NA,NA,NA,NA,NA,c(-82.5956579, 8.7994209)
"4753482821","4753482821","S 400",NA,NA,"townhall",NA,NA,NA,NA,NA,c(-82.5996984, 8.8043012)
"4753482822","4753482822","CB S-400",NA,NA,"townhall",NA,NA,NA,NA,NA,c(-82.5938391, 8.801408)
"4753514150","4753514150","Black Box",NA,NA,"townhall",NA,NA,NA,NA,NA,c(-82.6029825, 8.7987835)
"4753787965","4753787965","Artyllery field",NA,NA,"townhall",NA,NA,NA,NA,NA,c(-82.5995306, 8.793068)
"4833143156","4833143156",NA,NA,NA,NA,NA,NA,NA,NA,NA,c(-85.4180915, 10.0588364)
"4833143157","4833143157",NA,NA,NA,NA,NA,NA,NA,NA,NA,c(-85.4179092, 10.0588128)
"4833143158","4833143158",NA,NA,NA,NA,NA,NA,NA,NA,NA,c(-85.4179074, 10.0588678)
"4833143159","4833143159",NA,NA,NA,NA,NA,NA,NA,NA,NA,c(-85.4180205, 10.0588801)
"4833143160","4833143160",NA,NA,NA,NA,NA,NA,NA,NA,NA,c(-85.4179053, 10.0590306)
"4833143161","4833143161",NA,NA,NA,NA,NA,NA,NA,NA,NA,c(-85.417907, 10.059004)
"4908039745","4908039745",NA,NA,NA,NA,NA,NA,NA,NA,NA,c(-84.9693776, 10.4715805)
"4908039746","4908039746",NA,NA,NA,NA,NA,NA,NA,NA,NA,c(-84.9689277, 10.471539)
"4908039747","4908039747",NA,NA,NA,NA,NA,NA,NA,NA,NA,c(-84.9689509, 10.4712877)
"4908039748","4908039748",NA,NA,NA,NA,NA,NA,NA,NA,NA,c(-84.9690626, 10.4712991)
"4908039749","4908039749",NA,NA,NA,NA,NA,NA,NA,NA,NA,c(-84.9690519, 10.4714242)
"4908039750","4908039750",NA,NA,NA,NA,NA,NA,NA,NA,NA,c(-84.9693874, 10.4714569)
"4937154652","4937154652",NA,NA,NA,NA,NA,NA,NA,NA,NA,c(-84.3925637, 10.1850293)
"4937154653","4937154653",NA,NA,NA,NA,NA,NA,NA,NA,NA,c(-84.3923791, 10.1850086)
"4937154654","4937154654",NA,NA,NA,NA,NA,NA,NA,NA,NA,c(-84.3923924, 10.1848841)
"4937154655","4937154655",NA,NA,NA,NA,NA,NA,NA,NA,NA,c(-84.3925787, 10.184903)
"4938984963","4938984963",NA,NA,NA,NA,NA,NA,NA,NA,NA,c(-84.3779646, 10.0977133)
"4938984964","4938984964",NA,NA,NA,NA,NA,NA,NA,NA,NA,c(-84.3779976, 10.0974031)
"4938984965","4938984965",NA,NA,NA,NA,NA,NA,NA,NA,NA,c(-84.3783218, 10.0974365)
"4938984966","4938984966",NA,NA,NA,NA,NA,NA,NA,NA,NA,c(-84.3783051, 10.0975942)
"4938984967","4938984967",NA,NA,NA,NA,NA,NA,NA,NA,NA,c(-84.378343, 10.0975981)
"4938984968","4938984968",NA,NA,NA,NA,NA,NA,NA,NA,NA,c(-84.3783268, 10.0977507)
"4944487888","4944487888",NA,NA,NA,NA,NA,NA,NA,NA,NA,c(-84.3482673, 10.0894648)
"4944487889","4944487889",NA,NA,NA,NA,NA,NA,NA,NA,NA,c(-84.3484326, 10.0894638)
"4944487890","4944487890",NA,NA,NA,NA,NA,NA,NA,NA,NA,c(-84.3485196, 10.0893278)
"4944487891","4944487891",NA,NA,NA,NA,NA,NA,NA,NA,NA,c(-84.3485322, 10.0890793)
"4944487894","4944487894",NA,NA,NA,NA,NA,NA,NA,NA,NA,c(-84.3484452, 10.0890765)
"4944487895","4944487895",NA,NA,NA,NA,NA,NA,NA,NA,NA,c(-84.3484258, 10.0893777)
"4944487896","4944487896",NA,NA,NA,NA,NA,NA,NA,NA,NA,c(-84.3483781, 10.0892814)
"4944487897","4944487897",NA,NA,NA,NA,NA,NA,NA,NA,NA,c(-84.3483299, 10.08923)
"4944487898","4944487898",NA,NA,NA,NA,NA,NA,NA,NA,NA,c(-84.3482523, 10.0891853)
"4944487899","4944487899",NA,NA,NA,NA,NA,NA,NA,NA,NA,c(-84.3481987, 10.0891664)
"4944487900","4944487900",NA,NA,NA,NA,NA,NA,NA,NA,NA,c(-84.348137, 10.0891572)
"4944487901","4944487901",NA,NA,NA,NA,NA,NA,NA,NA,NA,c(-84.3481356, 10.0893235)
"4944487902","4944487902",NA,NA,NA,NA,NA,NA,NA,NA,NA,c(-84.3482067, 10.0893483)
"4944487903","4944487903",NA,NA,NA,NA,NA,NA,NA,NA,NA,c(-84.3482391, 10.0893813)
"4944487904","4944487904",NA,NA,NA,NA,NA,NA,NA,NA,NA,c(-84.3482621, 10.0894199)
"4944487905","4944487905",NA,NA,NA,NA,NA,NA,NA,NA,NA,c(-84.3484764, 10.0894262)
"5010123917","5010123917",NA,NA,NA,NA,NA,NA,NA,NA,NA,c(-84.3121951, 10.0734475)
"5010123918","5010123918",NA,NA,NA,NA,NA,NA,NA,NA,NA,c(-84.3118434, 10.0735188)
"5010123919","5010123919",NA,NA,NA,NA,NA,NA,NA,NA,NA,c(-84.3118196, 10.0733967)
"5010123920","5010123920",NA,NA,NA,NA,NA,NA,NA,NA,NA,c(-84.3121699, 10.0733292)
"5043471133","5043471133",NA,NA,NA,NA,NA,NA,NA,NA,NA,c(-84.2454809, 10.0769412)
"5043471134","5043471134",NA,NA,NA,NA,NA,NA,NA,NA,NA,c(-84.2454518, 10.0767732)
"5043471135","5043471135",NA,NA,NA,NA,NA,NA,NA,NA,NA,c(-84.2451041, 10.076791)
"5043471136","5043471136",NA,NA,NA,NA,NA,NA,NA,NA,NA,c(-84.2451263, 10.0769021)
"5043471137","5043471137",NA,NA,NA,NA,NA,NA,NA,NA,NA,c(-84.2452723, 10.0768735)
"5043471138","5043471138",NA,NA,NA,NA,NA,NA,NA,NA,NA,c(-84.2452878, 10.0769723)
"5136552457","5136552457",NA,NA,NA,NA,NA,NA,NA,NA,NA,c(-84.3146181, 9.8470572)
"5136552458","5136552458",NA,NA,NA,NA,NA,NA,NA,NA,NA,c(-84.314588, 9.8472909)
"5136552461","5136552461",NA,NA,NA,NA,NA,NA,NA,NA,NA,c(-84.3143677, 9.8476921)
"5136552462","5136552462",NA,NA,NA,NA,NA,NA,NA,NA,NA,c(-84.3145258, 9.8476956)
"5154415441","5154415441",NA,NA,NA,NA,NA,NA,NA,NA,NA,c(-82.8510993, 9.625403)
"5154415442","5154415442",NA,NA,NA,NA,NA,NA,NA,NA,NA,c(-82.8512725, 9.6255854)
"5154415443","5154415443",NA,NA,NA,NA,NA,NA,NA,NA,NA,c(-82.8514505, 9.6254211)
"5154415444","5154415444",NA,NA,NA,NA,NA,NA,NA,NA,NA,c(-82.8512773, 9.6252387)
"5167953449","5167953449",NA,NA,NA,NA,NA,NA,NA,NA,NA,c(-83.3068683, 8.5388548)
"5167953450","5167953450",NA,NA,NA,NA,NA,NA,NA,NA,NA,c(-83.3068576, 8.5387791)
"5167953451","5167953451",NA,NA,NA,NA,NA,NA,NA,NA,NA,c(-83.3067087, 8.5387997)
"5167953452","5167953452",NA,NA,NA,NA,NA,NA,NA,NA,NA,c(-83.3066928, 8.5386874)
"5167953453","5167953453",NA,NA,NA,NA,NA,NA,NA,NA,NA,c(-83.3069433, 8.5386527)
"5167953454","5167953454",NA,NA,NA,NA,NA,NA,NA,NA,NA,c(-83.3069699, 8.5388407)
"5186771813","5186771813",NA,NA,NA,NA,NA,NA,NA,NA,NA,c(-84.3621774, 9.5296152)
"5186771814","5186771814",NA,NA,NA,NA,NA,NA,NA,NA,NA,c(-84.3618301, 9.5295158)
"5186771815","5186771815",NA,NA,NA,NA,NA,NA,NA,NA,NA,c(-84.3620087, 9.5290647)
"5186771816","5186771816",NA,NA,NA,NA,NA,NA,NA,NA,NA,c(-84.3620978, 9.5291547)
"5320504884","5320504884",NA,NA,NA,NA,NA,NA,NA,NA,NA,c(-84.1000719, 10.0138477)
"5351539170","5351539170",NA,NA,NA,NA,NA,NA,NA,NA,NA,c(-84.0554308, 10.0161391)
"5351539171","5351539171",NA,NA,NA,NA,NA,NA,NA,NA,NA,c(-84.0554564, 10.0164539)
"5351539172","5351539172",NA,NA,NA,NA,NA,NA,NA,NA,NA,c(-84.0551657, 10.0164641)
"5351539174","5351539174",NA,NA,NA,NA,NA,NA,NA,NA,NA,c(-84.0550988, 10.0164665)
"5351539175","5351539175",NA,NA,NA,NA,NA,NA,NA,NA,NA,c(-84.0552111, 10.0161623)
"5394589963","5394589963",NA,NA,NA,NA,NA,NA,NA,NA,NA,c(-84.4701432, 10.0880649)
"5394589967","5394589967",NA,NA,NA,NA,NA,NA,NA,NA,NA,c(-84.4703519, 10.0880914)
"5394589968","5394589968",NA,NA,NA,NA,NA,NA,NA,NA,NA,c(-84.4703736, 10.0879253)
"5394589969","5394589969",NA,NA,NA,NA,NA,NA,NA,NA,NA,c(-84.4705105, 10.0879412)
"5394589970","5394589970",NA,NA,NA,NA,NA,NA,NA,NA,NA,c(-84.4705148, 10.0878941)
"5394589971","5394589971",NA,NA,NA,NA,NA,NA,NA,NA,NA,c(-84.4703836, 10.0878787)
"5394589972","5394589972",NA,NA,NA,NA,NA,NA,NA,NA,NA,c(-84.4704003, 10.0877615)
"5394589973","5394589973",NA,NA,NA,NA,NA,NA,NA,NA,NA,c(-84.4703033, 10.0877444)
"5394589974","5394589974",NA,NA,NA,NA,NA,NA,NA,NA,NA,c(-84.4702844, 10.0878813)
"5394589975","5394589975",NA,NA,NA,NA,NA,NA,NA,NA,NA,c(-84.4701685, 10.0878658)
"5394589978","5394589978",NA,NA,NA,NA,NA,NA,NA,NA,NA,c(-84.4703608, 10.0880288)
"5394589980","5394589980",NA,NA,NA,NA,NA,NA,NA,NA,NA,c(-84.4703673, 10.0879772)
"5394589983","5394589983",NA,NA,NA,NA,NA,NA,NA,NA,NA,c(-84.4704703, 10.0878886)
"5394589984","5394589984",NA,NA,NA,NA,NA,NA,NA,NA,NA,c(-84.4704376, 10.0878846)
"5394589986","5394589986",NA,NA,NA,NA,NA,NA,NA,NA,NA,c(-84.4704171, 10.0878825)
"5464623624","5464623624",NA,NA,NA,NA,NA,NA,NA,NA,NA,c(-84.0984165, 9.9949699)
"5464623625","5464623625",NA,NA,NA,NA,NA,NA,NA,NA,NA,c(-84.0984348, 9.9945586)
"5464623626","5464623626",NA,NA,NA,NA,NA,NA,NA,NA,NA,c(-84.0981553, 9.9946746)
"5464623627","5464623627",NA,NA,NA,NA,NA,NA,NA,NA,NA,c(-84.0982701, 9.9950239)
"5470266262","5470266262",NA,NA,NA,NA,NA,NA,NA,NA,NA,c(-84.0568406, 9.9454571)
"5470266266","5470266266",NA,NA,NA,NA,NA,NA,NA,NA,NA,c(-84.0565727, 9.9455022)
"5470266267","5470266267",NA,NA,NA,NA,NA,NA,NA,NA,NA,c(-84.056704, 9.9454311)
"5470266276","5470266276",NA,NA,NA,NA,NA,NA,NA,NA,NA,c(-84.0562693, 9.9457307)
"5470266290","5470266290",NA,NA,NA,NA,NA,NA,NA,NA,NA,c(-84.0563182, 9.9457048)
"5470266291","5470266291",NA,NA,NA,NA,NA,NA,NA,NA,NA,c(-84.0565819, 9.9455607)
"5479223173","5479223173",NA,NA,NA,NA,NA,NA,NA,NA,NA,c(-84.0562796, 9.9453415)
"5479223174","5479223174",NA,NA,NA,NA,NA,NA,NA,NA,NA,c(-84.0562425, 9.9453617)
"5479223179","5479223179",NA,NA,NA,NA,NA,NA,NA,NA,NA,c(-84.0561046, 9.9454367)
"5597821930","5597821930",NA,NA,NA,NA,NA,NA,NA,NA,NA,c(-84.1250144, 10.0205175)
"5597821931","5597821931",NA,NA,NA,NA,NA,NA,NA,NA,NA,c(-84.125305, 10.0205032)
"5597821932","5597821932",NA,NA,NA,NA,NA,NA,NA,NA,NA,c(-84.1249738, 10.0207547)
"5597827122","5597827122",NA,NA,NA,NA,NA,NA,NA,NA,NA,c(-84.1252873, 10.020315)
"5597827123","5597827123",NA,NA,NA,NA,NA,NA,NA,NA,NA,c(-84.1251727, 10.0203158)
"5597827124","5597827124",NA,NA,NA,NA,NA,NA,NA,NA,NA,c(-84.1251627, 10.0201982)
"5605383403","5605383403",NA,NA,NA,NA,NA,NA,NA,NA,NA,c(-84.5343683, 10.3135267)
"5605383404","5605383404",NA,NA,NA,NA,NA,NA,NA,NA,NA,c(-84.5342375, 10.3136759)
"5605392318","5605392318",NA,NA,NA,NA,NA,NA,NA,NA,NA,c(-84.5341924, 10.313637)
"5605392319","5605392319",NA,NA,NA,NA,NA,NA,NA,NA,NA,c(-84.5343262, 10.3134893)
"5773886730","5773886730",NA,NA,NA,NA,NA,NA,NA,NA,NA,c(-84.1163128, 9.9988219)
"5773886731","5773886731",NA,NA,NA,NA,NA,NA,NA,NA,NA,c(-84.1165024, 9.9992307)
"5773886733","5773886733",NA,NA,NA,NA,NA,NA,NA,NA,NA,c(-84.1160487, 9.999182)
"5773886734","5773886734",NA,NA,NA,NA,NA,NA,NA,NA,NA,c(-84.1159701, 9.998798)
"5935466632","5935466632",NA,NA,NA,NA,NA,NA,NA,NA,NA,c(-84.0980526, 9.9947283)
"5935466633","5935466633",NA,NA,NA,NA,NA,NA,NA,NA,NA,c(-84.0981702, 9.9948181)
"5957753811","5957753811",NA,NA,NA,NA,NA,NA,NA,NA,NA,c(-84.0983471, 9.9948095)
"5957753812","5957753812",NA,NA,NA,NA,NA,NA,NA,NA,NA,c(-84.0984977, 9.9947511)
"6043101716","6043101716","Alcaldía de San Carlos",NA,NA,"townhall",NA,NA,NA,NA,NA,c(-84.7781868, 11.1269401)
"6111421134","6111421134",NA,NA,NA,NA,NA,NA,NA,NA,NA,c(-84.4338493, 10.0566035)
"6111421135","6111421135",NA,NA,NA,NA,NA,NA,NA,NA,NA,c(-84.4333256, 10.0560612)
"6111421136","6111421136",NA,NA,NA,NA,NA,NA,NA,NA,NA,c(-84.4331627, 10.0562191)
"6111421137","6111421137",NA,NA,NA,NA,NA,NA,NA,NA,NA,c(-84.4336835, 10.056761)
"6119186741","6119186741",NA,NA,NA,NA,NA,NA,NA,NA,NA,c(-84.0565978, 9.9455891)
"6140361701","6140361701",NA,NA,NA,NA,NA,NA,NA,NA,NA,c(-83.7893997, 10.2030955)
"6140361702","6140361702",NA,NA,NA,NA,NA,NA,NA,NA,NA,c(-83.7888792, 10.2030675)
"6141185660","6141185660",NA,NA,NA,NA,NA,NA,NA,NA,NA,c(-85.0153731, 10.8992682)
"6141185661","6141185661",NA,NA,NA,NA,NA,NA,NA,NA,NA,c(-85.0151664, 10.8992994)
"6141185662","6141185662",NA,NA,NA,NA,NA,NA,NA,NA,NA,c(-85.0151512, 10.8992023)
"6141185663","6141185663",NA,NA,NA,NA,NA,NA,NA,NA,NA,c(-85.0153579, 10.8991712)
"6141185664","6141185664",NA,NA,NA,NA,NA,NA,NA,NA,NA,c(-85.0153454, 10.8990496)
"6141185665","6141185665",NA,NA,NA,NA,NA,NA,NA,NA,NA,c(-85.0153333, 10.8988811)
"6141185666","6141185666",NA,NA,NA,NA,NA,NA,NA,NA,NA,c(-85.0152046, 10.898889)
"6141185667","6141185667",NA,NA,NA,NA,NA,NA,NA,NA,NA,c(-85.015214, 10.8990588)
"6141185668","6141185668",NA,NA,NA,NA,NA,NA,NA,NA,NA,c(-85.0149633, 10.8989889)
"6141185669","6141185669",NA,NA,NA,NA,NA,NA,NA,NA,NA,c(-85.0146761, 10.89903)
"6141185670","6141185670",NA,NA,NA,NA,NA,NA,NA,NA,NA,c(-85.0146583, 10.8989097)
"6141185671","6141185671",NA,NA,NA,NA,NA,NA,NA,NA,NA,c(-85.0149455, 10.8988686)
"6141185672","6141185672",NA,NA,NA,NA,NA,NA,NA,NA,NA,c(-85.0149419, 10.8992183)
"6141185673","6141185673",NA,NA,NA,NA,NA,NA,NA,NA,NA,c(-85.0149271, 10.8990787)
"6141185674","6141185674",NA,NA,NA,NA,NA,NA,NA,NA,NA,c(-85.0146878, 10.899103)
"6141185675","6141185675",NA,NA,NA,NA,NA,NA,NA,NA,NA,c(-85.0147026, 10.8992427)
"6143674807","6143674807",NA,NA,NA,NA,NA,NA,NA,NA,NA,c(-83.8097306, 9.8878152)
"6143674808","6143674808",NA,NA,NA,NA,NA,NA,NA,NA,NA,c(-83.8097015, 9.8878216)
"6143674809","6143674809",NA,NA,NA,NA,NA,NA,NA,NA,NA,c(-83.8097143, 9.8878781)
"6143674810","6143674810",NA,NA,NA,NA,NA,NA,NA,NA,NA,c(-83.8095469, 9.8879148)
"6143674811","6143674811",NA,NA,NA,NA,NA,NA,NA,NA,NA,c(-83.8095082, 9.887744)
"6143674812","6143674812",NA,NA,NA,NA,NA,NA,NA,NA,NA,c(-83.809671, 9.8877082)
"6143674813","6143674813",NA,NA,NA,NA,NA,NA,NA,NA,NA,c(-83.8096832, 9.8877619)
"6143674814","6143674814",NA,NA,NA,NA,NA,NA,NA,NA,NA,c(-83.8097169, 9.8877545)
"6157663261","6157663261",NA,NA,NA,NA,NA,NA,NA,NA,NA,c(-84.0645615, 9.8990615)
"6157663262","6157663262",NA,NA,NA,NA,NA,NA,NA,NA,NA,c(-84.0646964, 9.8991384)
"6340874908","6340874908",NA,NA,NA,NA,NA,NA,NA,NA,NA,c(-84.6225651, 9.6095864)
"6350872284","6350872284",NA,NA,NA,NA,NA,NA,NA,NA,NA,c(-84.6221541, 9.6100936)
"6350920987","6350920987",NA,NA,NA,NA,NA,NA,NA,NA,NA,c(-84.6221791, 9.6100421)
"6350920988","6350920988",NA,NA,NA,NA,NA,NA,NA,NA,NA,c(-84.6221085, 9.6098141)
"6350920989","6350920989",NA,NA,NA,NA,NA,NA,NA,NA,NA,c(-84.6219951, 9.6098514)
"6350920990","6350920990",NA,NA,NA,NA,NA,NA,NA,NA,NA,c(-84.6220795, 9.6101185)
"6717709150","6717709150",NA,NA,NA,NA,NA,NA,NA,NA,NA,c(-83.8108968, 9.9163596)
"6717709151","6717709151",NA,NA,NA,NA,NA,NA,NA,NA,NA,c(-83.8108174, 9.9163525)
"6717709152","6717709152",NA,NA,NA,NA,NA,NA,NA,NA,NA,c(-83.8108162, 9.9163292)
"6717709153","6717709153",NA,NA,NA,NA,NA,NA,NA,NA,NA,c(-83.8107848, 9.9163297)
"6717709154","6717709154",NA,NA,NA,NA,NA,NA,NA,NA,NA,c(-83.8107875, 9.9162374)
"6717709155","6717709155",NA,NA,NA,NA,NA,NA,NA,NA,NA,c(-83.8105563, 9.9162185)
"6717709156","6717709156",NA,NA,NA,NA,NA,NA,NA,NA,NA,c(-83.8105408, 9.91642)
"6717709157","6717709157",NA,NA,NA,NA,NA,NA,NA,NA,NA,c(-83.8106271, 9.9164302)
"6754375368","6754375368",NA,NA,NA,NA,NA,NA,NA,NA,NA,c(-84.1403762, 9.9203763)
"6754375369","6754375369",NA,NA,NA,NA,NA,NA,NA,NA,NA,c(-84.1403496, 9.9207708)
"6754375370","6754375370",NA,NA,NA,NA,NA,NA,NA,NA,NA,c(-84.1399628, 9.9207454)
"6754375371","6754375371",NA,NA,NA,NA,NA,NA,NA,NA,NA,c(-84.1399895, 9.9203509)
"6765474027","6765474027",NA,NA,NA,NA,NA,NA,NA,NA,NA,c(-84.8215046, 10.6699482)
"6775196680","6775196680",NA,NA,NA,NA,NA,NA,NA,NA,NA,c(-85.0918038, 10.4270634)
"6775196681","6775196681",NA,NA,NA,NA,NA,NA,NA,NA,NA,c(-85.091599, 10.4267926)
"6775196682","6775196682",NA,NA,NA,NA,NA,NA,NA,NA,NA,c(-85.0917273, 10.4268898)
"6775196683","6775196683",NA,NA,NA,NA,NA,NA,NA,NA,NA,c(-85.0917524, 10.4269472)
"6775196684","6775196684",NA,NA,NA,NA,NA,NA,NA,NA,NA,c(-85.0917198, 10.426961)
"6775197685","6775197685",NA,NA,NA,NA,NA,NA,NA,NA,NA,c(-85.0917774, 10.4270032)
"6816338868","6816338868",NA,NA,NA,NA,NA,NA,NA,NA,NA,c(-83.5321319, 8.9787314)
"6816338869","6816338869",NA,NA,NA,NA,NA,NA,NA,NA,NA,c(-83.5321966, 8.9786683)
"6816338870","6816338870",NA,NA,NA,NA,NA,NA,NA,NA,NA,c(-83.5322814, 8.9787098)
"6816338871","6816338871",NA,NA,NA,NA,NA,NA,NA,NA,NA,c(-83.532179, 8.9789268)
"6816338872","6816338872",NA,NA,NA,NA,NA,NA,NA,NA,NA,c(-83.532274, 8.9789646)
"6816338873","6816338873",NA,NA,NA,NA,NA,NA,NA,NA,NA,c(-83.5322924, 8.9789112)
"6816338874","6816338874",NA,NA,NA,NA,NA,NA,NA,NA,NA,c(-83.5324464, 8.9789606)
"6816338875","6816338875",NA,NA,NA,NA,NA,NA,NA,NA,NA,c(-83.5324009, 8.9789364)
"6816338876","6816338876",NA,NA,NA,NA,NA,NA,NA,NA,NA,c(-83.5323526, 8.9789381)
"6816338877","6816338877",NA,NA,NA,NA,NA,NA,NA,NA,NA,c(-83.5325694, 8.9786321)
"6816338878","6816338878",NA,NA,NA,NA,NA,NA,NA,NA,NA,c(-83.5324674, 8.9787406)
"6816338879","6816338879",NA,NA,NA,NA,NA,NA,NA,NA,NA,c(-83.5324218, 8.9787115)
"6816338880","6816338880",NA,NA,NA,NA,NA,NA,NA,NA,NA,c(-83.5324468, 8.9786713)
"6816338881","6816338881",NA,NA,NA,NA,NA,NA,NA,NA,NA,c(-83.5324663, 8.9785749)
"6816338882","6816338882",NA,NA,NA,NA,NA,NA,NA,NA,NA,c(-83.532421, 8.9786552)
"6816338883","6816338883",NA,NA,NA,NA,NA,NA,NA,NA,NA,c(-83.5325899, 8.9784658)
"6816338884","6816338884",NA,NA,NA,NA,NA,NA,NA,NA,NA,c(-83.5325116, 8.978416)
"6816385485","6816385485",NA,NA,NA,NA,NA,NA,NA,NA,NA,c(-83.5324595, 8.9785082)
"6816385486","6816385486",NA,NA,NA,NA,NA,NA,NA,NA,NA,c(-83.5325346, 8.978553)
"6816385487","6816385487",NA,NA,NA,NA,NA,NA,NA,NA,NA,c(-83.5327357, 8.9787187)
"6816385488","6816385488",NA,NA,NA,NA,NA,NA,NA,NA,NA,c(-83.5327906, 8.9787485)
"6816385489","6816385489",NA,NA,NA,NA,NA,NA,NA,NA,NA,c(-83.532747, 8.9788268)
"6816385490","6816385490",NA,NA,NA,NA,NA,NA,NA,NA,NA,c(-83.5326929, 8.9787975)
"6816385491","6816385491",NA,NA,NA,NA,NA,NA,NA,NA,NA,c(-83.5326656, 8.9788467)
"6816385492","6816385492",NA,NA,NA,NA,NA,NA,NA,NA,NA,c(-83.5325869, 8.978804)
"6816385493","6816385493",NA,NA,NA,NA,NA,NA,NA,NA,NA,c(-83.532614, 8.9787552)
"6816385494","6816385494",NA,NA,NA,NA,NA,NA,NA,NA,NA,c(-83.5325616, 8.9787267)
"6816385495","6816385495",NA,NA,NA,NA,NA,NA,NA,NA,NA,c(-83.5326056, 8.9786475)
"6816385496","6816385496",NA,NA,NA,NA,NA,NA,NA,NA,NA,c(-83.5326517, 8.9786725)
"6816385497","6816385497",NA,NA,NA,NA,NA,NA,NA,NA,NA,c(-83.5326811, 8.9786196)
"6816385498","6816385498",NA,NA,NA,NA,NA,NA,NA,NA,NA,c(-83.5327654, 8.9786654)
"6841153526","6841153526",NA,NA,NA,NA,NA,NA,NA,NA,NA,c(-83.0338067, 9.9924169)
"6841153527","6841153527",NA,NA,NA,NA,NA,NA,NA,NA,NA,c(-83.0338235, 9.9923054)
"6841153528","6841153528",NA,NA,NA,NA,NA,NA,NA,NA,NA,c(-83.0338041, 9.9923037)
"6841153529","6841153529",NA,NA,NA,NA,NA,NA,NA,NA,NA,c(-83.0338156, 9.9922287)
"6841153530","6841153530",NA,NA,NA,NA,NA,NA,NA,NA,NA,c(-83.0337368, 9.9922174)
"6841153531","6841153531",NA,NA,NA,NA,NA,NA,NA,NA,NA,c(-83.033743, 9.9921808)
"6841153532","6841153532",NA,NA,NA,NA,NA,NA,NA,NA,NA,c(-83.0336121, 9.9921555)
"6841153533","6841153533",NA,NA,NA,NA,NA,NA,NA,NA,NA,c(-83.033605, 9.9921904)
"6841153534","6841153534",NA,NA,NA,NA,NA,NA,NA,NA,NA,c(-83.0336961, 9.9922104)
"6841153535","6841153535",NA,NA,NA,NA,NA,NA,NA,NA,NA,c(-83.0336917, 9.99224)
"6841153536","6841153536",NA,NA,NA,NA,NA,NA,NA,NA,NA,c(-83.0335961, 9.9922217)
"6841153537","6841153537",NA,NA,NA,NA,NA,NA,NA,NA,NA,c(-83.0335484, 9.992423)
"6841153538","6841153538",NA,NA,NA,NA,NA,NA,NA,NA,NA,c(-83.0335147, 9.9923577)
"6841153539","6841153539",NA,NA,NA,NA,NA,NA,NA,NA,NA,c(-83.0334714, 9.9923821)
"6841153540","6841153540",NA,NA,NA,NA,NA,NA,NA,NA,NA,c(-83.0334457, 9.9923429)
"6841153541","6841153541",NA,NA,NA,NA,NA,NA,NA,NA,NA,c(-83.0334015, 9.9923699)
"6841153542","6841153542",NA,NA,NA,NA,NA,NA,NA,NA,NA,c(-83.0333661, 9.9923193)
"6841153543","6841153543",NA,NA,NA,NA,NA,NA,NA,NA,NA,c(-83.0332697, 9.9923908)
"6841153544","6841153544",NA,NA,NA,NA,NA,NA,NA,NA,NA,c(-83.0333325, 9.9924579)
"6841153545","6841153545",NA,NA,NA,NA,NA,NA,NA,NA,NA,c(-83.0333537, 9.9924396)
"6841153546","6841153546",NA,NA,NA,NA,NA,NA,NA,NA,NA,c(-83.03339, 9.9924901)
"6841153547","6841153547",NA,NA,NA,NA,NA,NA,NA,NA,NA,c(-83.0334139, 9.9924675)
"6841153548","6841153548",NA,NA,NA,NA,NA,NA,NA,NA,NA,c(-83.0334395, 9.9925049)
"6841153549","6841153549",NA,NA,NA,NA,NA,NA,NA,NA,NA,c(-83.0335156, 9.9924936)
"6841153550","6841153550",NA,NA,NA,NA,NA,NA,NA,NA,NA,c(-83.0335066, 9.9925323)
"6841153551","6841153551",NA,NA,NA,NA,NA,NA,NA,NA,NA,c(-83.0336114, 9.9925545)
"6841153552","6841153552",NA,NA,NA,NA,NA,NA,NA,NA,NA,c(-83.0336183, 9.992525)
"6841153553","6841153553",NA,NA,NA,NA,NA,NA,NA,NA,NA,c(-83.0336422, 9.9925293)
"6841153554","6841153554",NA,NA,NA,NA,NA,NA,NA,NA,NA,c(-83.0336412, 9.9925427)
"6841153555","6841153555",NA,NA,NA,NA,NA,NA,NA,NA,NA,c(-83.0337068, 9.9925222)
"6841153556","6841153556",NA,NA,NA,NA,NA,NA,NA,NA,NA,c(-83.0337209, 9.9924082)
"6841153557","6841153557",NA,NA,NA,NA,NA,NA,NA,NA,NA,c(-83.0334922, 9.9920243)
"6841153558","6841153558",NA,NA,NA,NA,NA,NA,NA,NA,NA,c(-83.0335503, 9.9922353)
"6841153559","6841153559",NA,NA,NA,NA,NA,NA,NA,NA,NA,c(-83.033337, 9.9922923)
"6841153560","6841153560",NA,NA,NA,NA,NA,NA,NA,NA,NA,c(-83.0333153, 9.9922136)
"6841153561","6841153561",NA,NA,NA,NA,NA,NA,NA,NA,NA,c(-83.0332895, 9.9922205)
"6841153562","6841153562",NA,NA,NA,NA,NA,NA,NA,NA,NA,c(-83.0332637, 9.9921268)
"6841153563","6841153563",NA,NA,NA,NA,NA,NA,NA,NA,NA,c(-83.0334419, 9.9920792)
"6841153564","6841153564",NA,NA,NA,NA,NA,NA,NA,NA,NA,c(-83.0334313, 9.9920406)
"6841153565","6841153565",NA,NA,NA,NA,NA,NA,NA,NA,NA,c(-83.0332905, 9.9923702)
"6841153566","6841153566",NA,NA,NA,NA,NA,NA,NA,NA,NA,c(-83.0332282, 9.9921712)
"6841153567","6841153567",NA,NA,NA,NA,NA,NA,NA,NA,NA,c(-83.0331438, 9.9921968)
"6841153568","6841153568",NA,NA,NA,NA,NA,NA,NA,NA,NA,c(-83.0331869, 9.9923344)
"6841153569","6841153569",NA,NA,NA,NA,NA,NA,NA,NA,NA,c(-83.0331601, 9.9923425)
"6841153570","6841153570",NA,NA,NA,NA,NA,NA,NA,NA,NA,c(-83.0331793, 9.9924039)
"7027043428","7027043428",NA,NA,NA,NA,NA,NA,NA,NA,NA,c(-83.3045848, 9.2311547)
"7027043429","7027043429",NA,NA,NA,NA,NA,NA,NA,NA,NA,c(-83.3045315, 9.2310342)
"7027043430","7027043430",NA,NA,NA,NA,NA,NA,NA,NA,NA,c(-83.3044097, 9.2310867)
"7027043431","7027043431",NA,NA,NA,NA,NA,NA,NA,NA,NA,c(-83.3043841, 9.2310567)
"7027043432","7027043432",NA,NA,NA,NA,NA,NA,NA,NA,NA,c(-83.3043492, 9.2310739)
"7027043433","7027043433",NA,NA,NA,NA,NA,NA,NA,NA,NA,c(-83.3044073, 9.231189)
"7027043434","7027043434",NA,NA,NA,NA,NA,NA,NA,NA,NA,c(-83.3043626, 9.231211)
"7027043435","7027043435",NA,NA,NA,NA,NA,NA,NA,NA,NA,c(-83.304379, 9.2312436)
"7027043436","7027043436",NA,NA,NA,NA,NA,NA,NA,NA,NA,c(-83.3044214, 9.2312227)
"7027043437","7027043437",NA,NA,NA,NA,NA,NA,NA,NA,NA,c(-83.3044354, 9.2312388)
"7027043438","7027043438",NA,NA,NA,NA,NA,NA,NA,NA,NA,c(-83.3044724, 9.2312229)
"7027043439","7027043439",NA,NA,NA,NA,NA,NA,NA,NA,NA,c(-83.3044843, 9.2312498)
"7027043440","7027043440",NA,NA,NA,NA,NA,NA,NA,NA,NA,c(-83.3044012, 9.2312856)
"7027043441","7027043441",NA,NA,NA,NA,NA,NA,NA,NA,NA,c(-83.3044113, 9.2313087)
"7027043442","7027043442",NA,NA,NA,NA,NA,NA,NA,NA,NA,c(-83.304519, 9.2312624)
"7027043443","7027043443",NA,NA,NA,NA,NA,NA,NA,NA,NA,c(-83.3044895, 9.2311958)
"7028987072","7028987072",NA,NA,NA,NA,NA,NA,NA,NA,NA,c(-84.1599876, 10.0372416)
"7028987073","7028987073",NA,NA,NA,NA,NA,NA,NA,NA,NA,c(-84.1600483, 10.037402)
"7028987074","7028987074",NA,NA,NA,NA,NA,NA,NA,NA,NA,c(-84.1599689, 10.0374817)
"7028987075","7028987075",NA,NA,NA,NA,NA,NA,NA,NA,NA,c(-84.1598914, 10.0372778)
"7231224231","7231224231",NA,NA,NA,NA,NA,NA,NA,NA,NA,c(-83.8656363, 9.8391694)
"7231224232","7231224232",NA,NA,NA,NA,NA,NA,NA,NA,NA,c(-83.8658112, 9.8391867)
"7231224233","7231224233",NA,NA,NA,NA,NA,NA,NA,NA,NA,c(-83.8657964, 9.8394587)
"7231224234","7231224234",NA,NA,NA,NA,NA,NA,NA,NA,NA,c(-83.8657469, 9.8394578)
"7231224235","7231224235",NA,NA,NA,NA,NA,NA,NA,NA,NA,c(-83.8658098, 9.8393272)
"7231224236","7231224236",NA,NA,NA,NA,NA,NA,NA,NA,NA,c(-83.8657607, 9.8393223)
"7367261092","7367261092",NA,NA,NA,NA,NA,NA,NA,NA,NA,c(-83.3357216, 9.1728163)
"7367261093","7367261093",NA,NA,NA,NA,NA,NA,NA,NA,NA,c(-83.3357749, 9.1728199)
"7367261094","7367261094",NA,NA,NA,NA,NA,NA,NA,NA,NA,c(-83.3355374, 9.1727321)
"7367261095","7367261095",NA,NA,NA,NA,NA,NA,NA,NA,NA,c(-83.3354868, 9.1728097)
"7367261096","7367261096",NA,NA,NA,NA,NA,NA,NA,NA,NA,c(-83.3356627, 9.1728308)
"7367261097","7367261097",NA,NA,NA,NA,NA,NA,NA,NA,NA,c(-83.3357654, 9.1729027)
"7367261098","7367261098",NA,NA,NA,NA,NA,NA,NA,NA,NA,c(-83.3356548, 9.1728912)
"8419071231","8419071231","Asociación de Desarrollo Integral de la Reserva Indígena Cabécar de Talamanca","Bratsi","Calle Gavilán Canta","townhall",NA,NA,NA,"ADITICA",NA,c(-82.9799915, 9.5909651)
"8426941932","8426941932","Asociación de Desarrollo Integral de la Reserva Indígena de Zapatón","Chires","Calle Zapatón","townhall",NA,NA,NA,NA,"city",c(-84.334467, 9.6831909)
"8427222825","8427222825","Asociación de Desarrollo Integral de la Reserva Indígena Guaymí de Conte Burica","Pavón","Calle Alto Conte","townhall",NA,NA,NA,NA,"city",c(-83.0544269, 8.373874)
"8429386120","8429386120","Asociación de Desarrollo Integral de la Reserva Indígena Guaymí de Coto Brus","Limoncito",NA,"townhall",NA,NA,NA,NA,NA,c(-83.0725622, 8.8397295)
"8429490076","8429490076","Asociación de Desarrollo Integral de la Reserva Indígena Bribri de Cabagra","Potrero Grande",NA,"townhall",NA,NA,NA,NA,"city",c(-83.1928483, 9.1332574)
"8429490081","8429490081","Asociación de Desarrollo Integral de la Reserva Indígena Bribri de Salitre","Buenos Aires",NA,"townhall",NA,NA,NA,NA,"city",c(-83.3033076, 9.191128)
"8430129926","8430129926","Asociación de Desarrollo Integral de la Reserva Indígena Cabécar Nairi Awari","Pacuarito",NA,"townhall","En Proceso de verificación",NA,NA,NA,NA,c(-83.5374764, 9.9834405)
"8430225848","8430225848","Asociación de Desarrollo Integral de la Reserva Indígena Brunca de Curré","Boruca","Carretera Interamericana Sur","townhall",NA,NA,NA,NA,NA,c(-83.265782, 8.980779)
"8430329223","8430329223","Asociación de Desarrollo Integral de la Reserva Indígena Teribe de Térraba","Potrero Grande",NA,"townhall",NA,NA,NA,NA,"city",c(-83.2903939, 9.0683475)
"8430330804","8430330804","Asociación de Desarrollo Integral de la Reserva Indígena Brunca de Boruca","Boruca",NA,"townhall",NA,NA,NA,NA,"city",c(-83.3257406, 9.0001049)
"8432447103","8432447103","Asociación de Desarrollo Integral de la Reserva Indígena Cabécar de Bajo Chirripó","Chirripó",NA,"townhall",NA,NA,NA,NA,"city",c(-83.3323744, 9.9790957)
"8432881339","8432881339","Asociación de Desarrollo Integral de la Reserva Indígena Cabécar de Chirripó","Chirripó",NA,"townhall",NA,NA,NA,NA,NA,c(-83.4079117, 9.7819742)
"8433329557","8433329557","Asociación de Desarrollo Integral de la Reserva Indígena Cabécar de Tayní","Valle La Estrella",NA,"townhall",NA,NA,NA,NA,NA,c(-83.069398, 9.7246553)
"8433574946","8433574946","Asociación de Desarrollo Integral de la Reserva Indígena Cabécar de Telire","Telire",NA,"townhall",NA,NA,NA,NA,"city",c(-83.3124549, 9.5552668)
"8433657843","8433657843","Asociación de Desarrollo Integral de la Reserva Indígena Bribri de Talamanca","Bratsi",NA,"townhall",NA,NA,NA,NA,"city",c(-82.9304684, 9.5674534)
"8433845976","8433845976","Asociación de Desarrollo Integral de la Reserva Indígena Bribri de Keköldi","Cahuita","Calle Këköldi","townhall",NA,NA,NA,NA,"city",c(-82.7689494, 9.6173666)
"8495342033","8495342033",NA,NA,NA,NA,NA,NA,NA,NA,NA,c(-84.2452347, 10.0767645)
"8495342034","8495342034",NA,NA,NA,NA,NA,NA,NA,NA,NA,c(-84.2452479, 10.0768022)
"8521100866","8521100866",NA,NA,NA,NA,NA,NA,NA,NA,NA,c(-84.0980512, 9.9948158)
"8562225669","8562225669",NA,NA,NA,NA,NA,NA,NA,NA,NA,c(-84.2427356, 9.9161963)
"8562225670","8562225670",NA,NA,NA,NA,NA,NA,NA,NA,NA,c(-84.2427218, 9.9160147)
"8562225671","8562225671",NA,NA,NA,NA,NA,NA,NA,NA,NA,c(-84.2423571, 9.9160417)
"8562225672","8562225672",NA,NA,NA,NA,NA,NA,NA,NA,NA,c(-84.2423789, 9.9163278)
"8562225673","8562225673",NA,NA,NA,NA,NA,NA,NA,NA,NA,c(-84.2424508, 9.9163225)
"8562225674","8562225674",NA,NA,NA,NA,NA,NA,NA,NA,NA,c(-84.2424479, 9.9162841)
"8562225675","8562225675",NA,NA,NA,NA,NA,NA,NA,NA,NA,c(-84.2424673, 9.9162827)
"8562225676","8562225676",NA,NA,NA,NA,NA,NA,NA,NA,NA,c(-84.2424623, 9.9162165)
"8631952216","8631952216",NA,NA,NA,NA,NA,NA,NA,NA,NA,c(-84.1852035, 9.9793137)
"8639151242","8639151242",NA,NA,NA,NA,NA,NA,NA,NA,NA,c(-84.2101692, 10.0171776)
"8690817054","8690817054",NA,NA,NA,NA,NA,NA,NA,NA,NA,c(-84.4334178, 10.0565005)
"8690817055","8690817055",NA,NA,NA,NA,NA,NA,NA,NA,NA,c(-84.4335399, 10.0566249)
"8691965818","8691965818",NA,NA,NA,NA,NA,NA,NA,NA,NA,c(-84.4336052, 10.0566884)
"8719763464","8719763464",NA,NA,NA,NA,NA,NA,NA,NA,NA,c(-84.3782318, 10.0977409)
"8732971591","8732971591",NA,NA,NA,NA,NA,NA,NA,NA,NA,c(-84.1522028, 10.0028175)
"8732971598","8732971598",NA,NA,NA,NA,NA,NA,NA,NA,NA,c(-84.1522089, 10.0027761)
"8768847745","8768847745","Municipalidad de Pococí - Oficina Cariari","Cariari","Vía 247","townhall",NA,NA,NA,NA,NA,c(-83.7334381, 10.3593094)
"8789669455","8789669455","Municipalidad de Nicoya - Oficina Nosara","Nosara",NA,"townhall",NA,NA,NA,NA,"city",c(-85.6600536, 9.9710071)
"8810110659","8810110659",NA,NA,NA,NA,NA,NA,NA,NA,NA,c(-84.2451195, 10.0768679)
"8925887038","8925887038",NA,NA,NA,NA,NA,NA,NA,NA,NA,c(-84.1856124, 9.9799057)
"8925887039","8925887039",NA,NA,NA,NA,NA,NA,NA,NA,NA,c(-84.1855943, 9.9798137)
"8925887040","8925887040",NA,NA,NA,NA,NA,NA,NA,NA,NA,c(-84.1854269, 9.9798431)
"8925887041","8925887041",NA,NA,NA,NA,NA,NA,NA,NA,NA,c(-84.1854425, 9.9799351)
"9153713826","9153713826",NA,NA,NA,NA,NA,NA,NA,NA,NA,c(-84.4411746, 9.9083183)
"9153713827","9153713827",NA,NA,NA,NA,NA,NA,NA,NA,NA,c(-84.4411742, 9.9082993)
"9220328893","9220328893",NA,NA,NA,NA,NA,NA,NA,NA,NA,c(-84.0566259, 9.9452941)
"9220328894","9220328894",NA,NA,NA,NA,NA,NA,NA,NA,NA,c(-84.0567143, 9.9452459)
"9220328895","9220328895",NA,NA,NA,NA,NA,NA,NA,NA,NA,c(-84.0567942, 9.9453821)
"9220328914","9220328914",NA,NA,NA,NA,NA,NA,NA,NA,NA,c(-84.0562413, 9.9456795)
"9220362717","9220362717",NA,NA,NA,NA,NA,NA,NA,NA,NA,c(-84.056332, 9.9455057)
"9220362718","9220362718",NA,NA,NA,NA,NA,NA,NA,NA,NA,c(-84.0562816, 9.9455326)
"9220362719","9220362719",NA,NA,NA,NA,NA,NA,NA,NA,NA,c(-84.0562663, 9.9455049)
"9220362720","9220362720",NA,NA,NA,NA,NA,NA,NA,NA,NA,c(-84.0563167, 9.9454779)
"9445145831","9445145831",NA,NA,NA,NA,NA,NA,NA,NA,NA,c(-84.1812617, 9.933364)
"9445145832","9445145832",NA,NA,NA,NA,NA,NA,NA,NA,NA,c(-84.1812547, 9.9334542)
"9546240268","9546240268",NA,NA,NA,NA,NA,NA,NA,NA,NA,c(-84.5786108, 10.3800149)
"9546240269","9546240269",NA,NA,NA,NA,NA,NA,NA,NA,NA,c(-84.5784247, 10.3800115)
"9546240270","9546240270",NA,NA,NA,NA,NA,NA,NA,NA,NA,c(-84.5782646, 10.379714)
"9546240271","9546240271",NA,NA,NA,NA,NA,NA,NA,NA,NA,c(-84.5785817, 10.3797319)
"9550965211","9550965211",NA,NA,NA,NA,NA,NA,NA,NA,NA,c(-84.8237738, 10.3179386)
"9649637765","9649637765",NA,NA,NA,NA,NA,NA,NA,NA,NA,c(-84.0476343, 9.9606952)
"9649637766","9649637766",NA,NA,NA,NA,NA,NA,NA,NA,NA,c(-84.0474093, 9.9606723)
"9690952171","9690952171",NA,NA,NA,NA,NA,NA,NA,NA,NA,c(-84.1245285, 10.0204436)
"9690984268","9690984268",NA,NA,NA,NA,NA,NA,NA,NA,NA,c(-84.1250159, 10.0205475)
"9690984269","9690984269",NA,NA,NA,NA,NA,NA,NA,NA,NA,c(-84.1249571, 10.0205475)
"9770796357","9770796357",NA,NA,NA,NA,NA,NA,NA,NA,NA,c(-82.970104, 8.8199199)
"9770796358","9770796358",NA,NA,NA,NA,NA,NA,NA,NA,NA,c(-82.9700888, 8.8199349)
"9770796359","9770796359",NA,NA,NA,NA,NA,NA,NA,NA,NA,c(-82.9700653, 8.819911)
"9770796360","9770796360",NA,NA,NA,NA,NA,NA,NA,NA,NA,c(-82.9700356, 8.8199479)
"9770796361","9770796361",NA,NA,NA,NA,NA,NA,NA,NA,NA,c(-82.9700556, 8.8199642)
"9770796362","9770796362",NA,NA,NA,NA,NA,NA,NA,NA,NA,c(-82.9700411, 8.81998)
"9770796363","9770796363",NA,NA,NA,NA,NA,NA,NA,NA,NA,c(-82.9701199, 8.8200571)
"9770796364","9770796364",NA,NA,NA,NA,NA,NA,NA,NA,NA,c(-82.9701447, 8.8200653)
"9770796365","9770796365",NA,NA,NA,NA,NA,NA,NA,NA,NA,c(-82.9701779, 8.820066)
"9770796366","9770796366",NA,NA,NA,NA,NA,NA,NA,NA,NA,c(-82.9703755, 8.8200346)
"9770796367","9770796367",NA,NA,NA,NA,NA,NA,NA,NA,NA,c(-82.9703645, 8.8199533)
"9770796368","9770796368",NA,NA,NA,NA,NA,NA,NA,NA,NA,c(-82.9701682, 8.8199861)
"9770796369","9770796369",NA,NA,NA,NA,NA,NA,NA,NA,NA,c(-82.9703852, 8.8199397)
"9770796370","9770796370",NA,NA,NA,NA,NA,NA,NA,NA,NA,c(-82.9702546, 8.8199554)
"9770796371","9770796371",NA,NA,NA,NA,NA,NA,NA,NA,NA,c(-82.970189, 8.8198195)
"9770796372","9770796372",NA,NA,NA,NA,NA,NA,NA,NA,NA,c(-82.9701496, 8.8198434)
"9770796373","9770796373",NA,NA,NA,NA,NA,NA,NA,NA,NA,c(-82.9701897, 8.8197198)
"9770796374","9770796374",NA,NA,NA,NA,NA,NA,NA,NA,NA,c(-82.9702256, 8.8196815)
"9770796375","9770796375",NA,NA,NA,NA,NA,NA,NA,NA,NA,c(-82.9702463, 8.8196815)
"9770796376","9770796376",NA,NA,NA,NA,NA,NA,NA,NA,NA,c(-82.9702857, 8.8197198)
"9770796377","9770796377",NA,NA,NA,NA,NA,NA,NA,NA,NA,c(-82.970247, 8.8197492)
"9770796378","9770796378",NA,NA,NA,NA,NA,NA,NA,NA,NA,c(-82.9702449, 8.819769)
"9770796379","9770796379",NA,NA,NA,NA,NA,NA,NA,NA,NA,c(-82.9702753, 8.8197751)
"9770796380","9770796380",NA,NA,NA,NA,NA,NA,NA,NA,NA,c(-82.9702698, 8.8198222)
"9770796381","9770796381",NA,NA,NA,NA,NA,NA,NA,NA,NA,c(-82.9702318, 8.8198229)
"9770796382","9770796382",NA,NA,NA,NA,NA,NA,NA,NA,NA,c(-82.970256, 8.8198796)
"9770796383","9770796383",NA,NA,NA,NA,NA,NA,NA,NA,NA,c(-82.9702878, 8.8198734)
"9770796384","9770796384",NA,NA,NA,NA,NA,NA,NA,NA,NA,c(-82.9702988, 8.8198372)
"9770796385","9770796385",NA,NA,NA,NA,NA,NA,NA,NA,NA,c(-82.9702795, 8.8198051)
"9770796386","9770796386",NA,NA,NA,NA,NA,NA,NA,NA,NA,c(-82.9702836, 8.8197737)
"9770796387","9770796387",NA,NA,NA,NA,NA,NA,NA,NA,NA,c(-82.9703147, 8.8197471)
"9770796388","9770796388",NA,NA,NA,NA,NA,NA,NA,NA,NA,c(-82.9703258, 8.8197669)
"9770796389","9770796389",NA,NA,NA,NA,NA,NA,NA,NA,NA,c(-82.9703548, 8.8197464)
"9770796390","9770796390",NA,NA,NA,NA,NA,NA,NA,NA,NA,c(-82.9703838, 8.8197908)
"9770796391","9770796391",NA,NA,NA,NA,NA,NA,NA,NA,NA,c(-82.9703617, 8.8198079)
"9770796392","9770796392",NA,NA,NA,NA,NA,NA,NA,NA,NA,c(-82.9703914, 8.8198523)
"9770796393","9770796393",NA,NA,NA,NA,NA,NA,NA,NA,NA,c(-82.9703707, 8.8199021)
"9770796394","9770796394",NA,NA,NA,NA,NA,NA,NA,NA,NA,c(-82.9703983, 8.8199076)
"9770796395","9770796395",NA,NA,NA,NA,NA,NA,NA,NA,NA,c(-82.9704018, 8.8199281)
"9770796396","9770796396",NA,NA,NA,NA,NA,NA,NA,NA,NA,c(-82.9700881, 8.819885)
"9770796397","9770796397",NA,NA,NA,NA,NA,NA,NA,NA,NA,c(-82.9701316, 8.8198304)
"9770796398","9770796398",NA,NA,NA,NA,NA,NA,NA,NA,NA,c(-82.9700736, 8.8197785)
"9770796399","9770796399",NA,NA,NA,NA,NA,NA,NA,NA,NA,c(-82.9700293, 8.8198318)
"9884156113","9884156113",NA,NA,NA,NA,NA,NA,NA,NA,NA,c(-84.1597063, 10.0376205)
"9884156114","9884156114",NA,NA,NA,NA,NA,NA,NA,NA,NA,c(-84.1597615, 10.0376033)
"9885820704","9885820704",NA,NA,NA,NA,NA,NA,NA,NA,NA,c(-83.2893738, 10.0766919)
"9885820705","9885820705",NA,NA,NA,NA,NA,NA,NA,NA,NA,c(-83.2894817, 10.0764719)
"9885820706","9885820706",NA,NA,NA,NA,NA,NA,NA,NA,NA,c(-83.2893617, 10.0764136)
"9885820707","9885820707",NA,NA,NA,NA,NA,NA,NA,NA,NA,c(-83.2892528, 10.0766393)
"9894275425","9894275425",NA,NA,NA,NA,NA,NA,NA,NA,NA,c(-84.361857, 9.5294244)
"9894275426","9894275426",NA,NA,NA,NA,NA,NA,NA,NA,NA,c(-84.3618992, 9.5294365)
"9894275427","9894275427",NA,NA,NA,NA,NA,NA,NA,NA,NA,c(-84.3621153, 9.5290953)
"9894275428","9894275428",NA,NA,NA,NA,NA,NA,NA,NA,NA,c(-84.3622962, 9.5292115)
"9894275435","9894275435",NA,NA,NA,NA,NA,NA,NA,NA,NA,c(-84.3620206, 9.5295703)
"10238155597","10238155597",NA,NA,NA,NA,NA,NA,NA,NA,NA,c(-84.9577359, 10.2814716)
"10238155598","10238155598",NA,NA,NA,NA,NA,NA,NA,NA,NA,c(-84.9578989, 10.2815765)
"10239183914","10239183914",NA,NA,NA,NA,NA,NA,NA,NA,NA,c(-84.9577178, 10.2815144)
"10239183915","10239183915",NA,NA,NA,NA,NA,NA,NA,NA,NA,c(-84.957866, 10.2816218)
"10281553723","10281553723",NA,NA,NA,NA,NA,NA,NA,NA,NA,c(-83.7889889, 10.2030835)
"10281553724","10281553724",NA,NA,NA,NA,NA,NA,NA,NA,NA,c(-83.7889934, 10.203053)
"10549633895","10549633895",NA,NA,NA,NA,NA,NA,NA,NA,NA,c(-83.9804108, 9.9090595)
"10549633896","10549633896",NA,NA,NA,NA,NA,NA,NA,NA,NA,c(-83.9806692, 9.9079765)
"10549633897","10549633897",NA,NA,NA,NA,NA,NA,NA,NA,NA,c(-83.9804117, 9.9080082)
"10549633898","10549633898",NA,NA,NA,NA,NA,NA,NA,NA,NA,c(-83.9799968, 9.9078431)
"10549633899","10549633899",NA,NA,NA,NA,NA,NA,NA,NA,NA,c(-83.9797773, 9.9079696)
"10549633900","10549633900",NA,NA,NA,NA,NA,NA,NA,NA,NA,c(-83.9795532, 9.9082295)
"10549633901","10549633901",NA,NA,NA,NA,NA,NA,NA,NA,NA,c(-83.9794598, 9.908356)
"10549633902","10549633902",NA,NA,NA,NA,NA,NA,NA,NA,NA,c(-83.9793547, 9.9086298)
"10549633903","10549633903",NA,NA,NA,NA,NA,NA,NA,NA,NA,c(-83.9793179, 9.9087738)
"10549633904","10549633904",NA,NA,NA,NA,NA,NA,NA,NA,NA,c(-83.9802062, 9.9090039)
"10930806706","10930806706",NA,NA,NA,NA,NA,NA,NA,NA,NA,c(-83.9697434, 9.6531719)
"10930806707","10930806707",NA,NA,NA,NA,NA,NA,NA,NA,NA,c(-83.9697162, 9.6534984)
"10930806708","10930806708",NA,NA,NA,NA,NA,NA,NA,NA,NA,c(-83.9695545, 9.6534853)
"10930806709","10930806709",NA,NA,NA,NA,NA,NA,NA,NA,NA,c(-83.9695818, 9.6531587)
"10966365216","10966365216",NA,NA,NA,NA,NA,NA,NA,NA,NA,c(-83.2897678, 10.076558)
"10966365217","10966365217",NA,NA,NA,NA,NA,NA,NA,NA,NA,c(-83.2897372, 10.0766107)
"11021203138","11021203138",NA,NA,NA,NA,NA,NA,NA,NA,NA,c(-84.2101761, 10.0173251)
"11021203141","11021203141",NA,NA,NA,NA,NA,NA,NA,NA,NA,c(-84.2101451, 10.0172249)
"11021203142","11021203142",NA,NA,NA,NA,NA,NA,NA,NA,NA,c(-84.2102868, 10.0171432)
"11021203145","11021203145",NA,NA,NA,NA,NA,NA,NA,NA,NA,c(-84.2101947, 10.0171701)
"11024061544","11024061544",NA,NA,NA,NA,NA,NA,NA,NA,NA,c(-84.0417685, 9.6839813)
"11063996105","11063996105",NA,NA,NA,NA,NA,NA,NA,NA,NA,c(-83.5325586, 8.9785151)
"11063996106","11063996106",NA,NA,NA,NA,NA,NA,NA,NA,NA,c(-83.5325411, 8.978616)
"11063996107","11063996107",NA,NA,NA,NA,NA,NA,NA,NA,NA,c(-83.5326643, 8.9786177)
"11063996108","11063996108",NA,NA,NA,NA,NA,NA,NA,NA,NA,c(-83.5325593, 8.9785829)
"11063996109","11063996109",NA,NA,NA,NA,NA,NA,NA,NA,NA,c(-83.532729, 8.9785323)
"11063996110","11063996110",NA,NA,NA,NA,NA,NA,NA,NA,NA,c(-83.5326333, 8.9784731)
"11063996111","11063996111",NA,NA,NA,NA,NA,NA,NA,NA,NA,c(-83.5325975, 8.9785293)
"11063996112","11063996112",NA,NA,NA,NA,NA,NA,NA,NA,NA,c(-83.5325632, 8.9785078)
"11063996113","11063996113",NA,NA,NA,NA,NA,NA,NA,NA,NA,c(-83.5325319, 8.9785577)
"11063996114","11063996114",NA,NA,NA,NA,NA,NA,NA,NA,NA,c(-83.5326003, 8.9785802)
"11250053323","11250053323",NA,NA,NA,NA,NA,NA,NA,NA,NA,c(-84.160031, 10.0374596)
"11250053324","11250053324",NA,NA,NA,NA,NA,NA,NA,NA,NA,c(-84.1600141, 10.0374165)
"11355780749","11355780749",NA,NA,NA,NA,NA,NA,NA,NA,NA,c(-84.5785673, 10.3799568)
"11355780750","11355780750",NA,NA,NA,NA,NA,NA,NA,NA,NA,c(-84.5785248, 10.3800889)
"11355780751","11355780751",NA,NA,NA,NA,NA,NA,NA,NA,NA,c(-84.5784358, 10.379841)
"11355780752","11355780752",NA,NA,NA,NA,NA,NA,NA,NA,NA,c(-84.5783705, 10.3798323)
"11355780753","11355780753",NA,NA,NA,NA,NA,NA,NA,NA,NA,c(-84.5783698, 10.3797688)
"11355780754","11355780754",NA,NA,NA,NA,NA,NA,NA,NA,NA,c(-84.5782632, 10.3797618)
"11357669976","11357669976",NA,NA,NA,NA,NA,NA,NA,NA,NA,c(-84.1163541, 9.9992131)
"11415034404","11415034404",NA,NA,NA,NA,NA,NA,NA,NA,NA,c(-84.0550899, 10.016221)
"11415034405","11415034405",NA,NA,NA,NA,NA,NA,NA,NA,NA,c(-84.0552157, 10.0162165)
"11420555546","11420555546",NA,NA,NA,NA,NA,NA,NA,NA,NA,c(-84.1159391, 9.9991747)
"11420555547","11420555547",NA,NA,NA,NA,NA,NA,NA,NA,NA,c(-84.116312, 9.9988394)
"11420555548","11420555548",NA,NA,NA,NA,NA,NA,NA,NA,NA,c(-84.1162446, 9.998834)
"11420555549","11420555549",NA,NA,NA,NA,NA,NA,NA,NA,NA,c(-84.1162417, 9.9988724)
"11420555550","11420555550",NA,NA,NA,NA,NA,NA,NA,NA,NA,c(-84.1160726, 9.9988046)
"11420555551","11420555551",NA,NA,NA,NA,NA,NA,NA,NA,NA,c(-84.1160714, 9.9988293)
"11420555552","11420555552",NA,NA,NA,NA,NA,NA,NA,NA,NA,c(-84.1161033, 9.9988318)
"11420555553","11420555553",NA,NA,NA,NA,NA,NA,NA,NA,NA,c(-84.1161026, 9.998846)
"11420555554","11420555554",NA,NA,NA,NA,NA,NA,NA,NA,NA,c(-84.1161445, 9.9988505)
"11420555555","11420555555",NA,NA,NA,NA,NA,NA,NA,NA,NA,c(-84.1161434, 9.998864)
"11420555556","11420555556",NA,NA,NA,NA,NA,NA,NA,NA,NA,c(-84.115933, 9.9988835)
"11420555557","11420555557",NA,NA,NA,NA,NA,NA,NA,NA,NA,c(-84.115973, 9.998883)
"11420555558","11420555558",NA,NA,NA,NA,NA,NA,NA,NA,NA,c(-84.1159783, 9.9988491)
"11420555559","11420555559",NA,NA,NA,NA,NA,NA,NA,NA,NA,c(-84.1159641, 9.998848)
